source,wiki,date,n_edits,n_editors,n_pages
dump,dorfwiki,2026-06-22,6,2,2
dump,dse,2026-05-24,16,15,5
dump,dse,2026-05-26,400,162,303
dump,dse,2026-05-27,47,31,28
dump,dse,2026-05-28,210,99,175
dump,dse,2026-05-29,74,46,44
dump,dse,2026-05-30,44,32,29
dump,dse,2026-05-31,11,5,9
dump,dse,2026-06-01,115,75,94
dump,dse,2026-06-02,4,3,3
dump,dse,2026-06-04,5,5,3
dump,dse,2026-06-05,2,2,1
dump,dse,2026-06-06,7,2,5
dump,dse,2026-06-07,13,12,10
dump,dse,2026-06-08,14,14,13
dump,dse,2026-06-09,2,2,1
dump,dse,2026-06-11,161,76,84
dump,dse,2026-06-16,2565,714,745
dump,dse,2026-06-17,1261,459,454
dump,dse,2026-06-18,5884,898,1305
dump,dse,2026-06-19,481,181,169
dump,dse,2026-06-20,628,209,176
dump,dse,2026-06-21,631,219,179
dump,dse,2026-06-22,816,343,478
dump,dse,2026-06-23,1,1,1
dump,dse,2026-06-24,1,1,1
dump,dse,2026-07-01,1,1,1
dump,dse,2026-07-02,9,7,6
dump,fractal,2026-05-24,12,7,8
dump,fractal,2026-05-26,25,14,16
dump,fractal,2026-06-16,5,2,4
dump,fractal,2026-06-17,23,3,9
dump,fractal,2026-06-18,8,4,6
dump,fractal,2026-06-19,9,1,2
dump,fractal,2026-06-21,17,11,8
dump,fractal,2026-06-22,68,46,27
dump,fractal,2026-07-01,2,2,2
dump,probier,2026-05-24,7,1,5
dump,probier,2026-05-26,11,5,7
dump,probier,2026-05-27,1,1,1
dump,probier,2026-05-29,3,1,2
dump,probier,2026-05-31,5,1,2
dump,probier,2026-06-01,25,1,18
dump,probier,2026-06-06,5,1,3
dump,probier,2026-06-09,4,1,3
dump,probier,2026-06-10,6,1,3
dump,probier,2026-06-16,33,4,13
dump,probier,2026-06-17,13,1,7
dump,probier,2026-06-18,651,6,375
dump,probier,2026-06-19,19,1,14
dump,probier,2026-06-20,29,2,23
dump,probier,2026-06-21,11,1,4
dump,probier,2026-06-22,181,8,136
dump,probier,2026-07-01,4,1,3
dump,probier,2026-07-02,5,1,3
rc,dse,2003-01-01,10,3,4
rc,dse,2003-01-02,9,3,3
rc,dse,2003-01-03,7,3,4
rc,dse,2003-01-06,5,1,2
rc,dse,2003-01-07,20,7,11
rc,dse,2003-01-08,31,5,13
rc,dse,2003-01-09,15,5,12
rc,dse,2003-01-10,13,2,9
rc,dse,2003-01-11,16,4,6
rc,dse,2003-01-12,11,2,2
rc,dse,2003-01-13,36,10,14
rc,dse,2003-01-14,12,11,6
rc,dse,2003-01-15,12,4,9
rc,dse,2003-01-16,36,11,15
rc,dse,2003-01-17,15,7,10
rc,dse,2003-01-18,25,4,7
rc,dse,2003-01-19,26,4,12
rc,dse,2003-01-20,20,9,9
rc,dse,2003-01-21,44,6,6
rc,dse,2003-01-22,46,11,11
rc,dse,2003-01-23,16,5,6
rc,dse,2003-01-24,38,5,12
rc,dse,2003-01-25,2,1,1
rc,dse,2003-01-26,13,6,8
rc,dse,2003-01-27,36,13,14
rc,dse,2003-01-28,29,8,12
rc,dse,2003-01-29,20,5,11
rc,dse,2003-01-30,15,9,9
rc,dse,2003-01-31,9,4,6
rc,dse,2003-02-02,9,5,5
rc,dse,2003-02-03,23,8,6
rc,dse,2003-02-04,5,2,2
rc,dse,2003-02-05,6,3,2
rc,dse,2003-02-06,3,3,3
rc,dse,2003-02-07,9,2,5
rc,dse,2003-02-08,5,2,3
rc,dse,2003-02-09,20,2,12
rc,dse,2003-02-10,17,4,5
rc,dse,2003-02-11,13,2,5
rc,dse,2003-02-12,8,5,5
rc,dse,2003-02-13,18,7,8
rc,dse,2003-02-14,12,5,7
rc,dse,2003-02-15,24,2,5
rc,dse,2003-02-16,3,2,2
rc,dse,2003-02-17,2,2,2
rc,dse,2003-02-18,13,2,8
rc,dse,2003-02-19,1,1,1
rc,dse,2003-02-20,6,6,4
rc,dse,2003-02-21,4,2,3
rc,dse,2003-02-22,4,1,1
rc,dse,2003-02-23,6,3,3
rc,dse,2003-02-24,4,2,2
rc,dse,2003-02-25,7,4,4
rc,dse,2003-02-27,1,1,1
rc,dse,2003-02-28,19,1,4
rc,dse,2003-03-01,18,3,3
rc,dse,2003-03-02,1,1,1
rc,dse,2003-03-03,8,1,2
rc,dse,2003-03-04,7,3,4
rc,dse,2003-03-05,2,2,2
rc,dse,2003-03-06,4,1,2
rc,dse,2003-03-07,19,5,8
rc,dse,2003-03-08,18,3,5
rc,dse,2003-03-09,3,2,3
rc,dse,2003-03-10,12,3,4
rc,dse,2003-03-11,10,4,2
rc,dse,2003-03-12,9,3,3
rc,dse,2003-03-13,6,3,3
rc,dse,2003-03-14,3,1,1
rc,dse,2003-03-15,5,3,5
rc,dse,2003-03-16,6,2,3
rc,dse,2003-03-17,1,1,1
rc,dse,2003-03-18,12,4,6
rc,dse,2003-03-19,5,2,4
rc,dse,2003-03-20,2,1,1
rc,dse,2003-03-21,11,4,5
rc,dse,2003-03-22,2,2,2
rc,dse,2003-03-23,4,2,4
rc,dse,2003-03-24,1,1,1
rc,dse,2003-03-25,3,1,1
rc,dse,2003-03-26,19,6,5
rc,dse,2003-03-27,18,6,9
rc,dse,2003-03-28,21,4,13
rc,dse,2003-03-30,1,1,1
rc,dse,2003-03-31,8,5,6
rc,dse,2003-04-01,3,1,2
rc,dse,2003-04-03,7,4,5
rc,dse,2003-04-04,13,3,6
rc,dse,2003-04-06,6,1,3
rc,dse,2003-04-07,16,5,8
rc,dse,2003-04-08,14,5,8
rc,dse,2003-04-09,10,5,6
rc,dse,2003-04-10,24,5,11
rc,dse,2003-04-11,72,7,25
rc,dse,2003-04-12,31,5,9
rc,dse,2003-04-13,10,5,7
rc,dse,2003-04-14,14,3,3
rc,dse,2003-04-15,18,5,6
rc,dse,2003-04-16,9,4,5
rc,dse,2003-04-17,1,1,1
rc,dse,2003-04-18,6,2,3
rc,dse,2003-04-19,1,1,1
rc,dse,2003-04-20,9,1,2
rc,dse,2003-04-21,11,3,3
rc,dse,2003-04-22,2,1,2
rc,dse,2003-04-23,6,3,3
rc,dse,2003-04-24,6,2,2
rc,dse,2003-04-25,12,4,3
rc,dse,2003-04-26,20,7,6
rc,dse,2003-04-27,6,3,3
rc,dse,2003-04-28,6,5,3
rc,dse,2003-04-29,5,2,3
rc,dse,2003-04-30,1,1,1
rc,dse,2003-05-01,2,2,2
rc,dse,2003-05-02,4,2,3
rc,dse,2003-05-03,3,3,2
rc,dse,2003-05-04,2,1,1
rc,dse,2003-05-05,1,1,1
rc,dse,2003-05-06,14,4,6
rc,dse,2003-05-07,11,3,4
rc,dse,2003-05-08,4,4,3
rc,dse,2003-05-09,10,5,4
rc,dse,2003-05-10,4,3,4
rc,dse,2003-05-11,9,5,6
rc,dse,2003-05-12,18,7,12
rc,dse,2003-05-13,21,8,8
rc,dse,2003-05-14,19,9,9
rc,dse,2003-05-15,3,3,3
rc,dse,2003-05-16,1,1,1
rc,dse,2003-05-18,5,4,3
rc,dse,2003-05-19,6,4,4
rc,dse,2003-05-20,16,8,7
rc,dse,2003-05-21,11,6,5
rc,dse,2003-05-22,9,5,6
rc,dse,2003-05-23,1,1,1
rc,dse,2003-05-24,4,4,4
rc,dse,2003-05-25,7,3,3
rc,dse,2003-05-26,7,4,4
rc,dse,2003-05-27,1,1,1
rc,dse,2003-05-30,4,3,3
rc,dse,2003-05-31,1,1,1
rc,dse,2003-06-02,15,5,5
rc,dse,2003-06-03,10,5,6
rc,dse,2003-06-04,4,3,3
rc,dse,2003-06-05,3,3,1
rc,dse,2003-06-06,6,2,3
rc,dse,2003-06-07,1,1,1
rc,dse,2003-06-08,5,1,2
rc,dse,2003-06-10,10,3,4
rc,dse,2003-06-11,2,2,2
rc,dse,2003-06-12,8,4,5
rc,dse,2003-06-13,22,3,3
rc,dse,2003-06-14,1,1,1
rc,dse,2003-06-15,8,1,1
rc,dse,2003-06-16,7,2,2
rc,dse,2003-06-17,19,3,4
rc,dse,2003-06-18,3,2,2
rc,dse,2003-06-20,3,2,2
rc,dse,2003-06-21,23,3,9
rc,dse,2003-06-22,3,3,2
rc,dse,2003-06-23,1,1,1
rc,dse,2003-06-24,4,3,2
rc,dse,2003-06-25,4,2,2
rc,dse,2003-06-26,8,6,4
rc,dse,2003-06-27,4,3,4
rc,dse,2003-06-28,3,3,3
rc,dse,2003-06-30,9,2,4
rc,dse,2003-07-01,5,3,3
rc,dse,2003-07-02,11,3,5
rc,dse,2003-07-03,14,4,10
rc,dse,2003-07-04,8,3,6
rc,dse,2003-07-05,9,2,5
rc,dse,2003-07-06,3,3,3
rc,dse,2003-07-07,4,3,3
rc,dse,2003-07-08,9,6,8
rc,dse,2003-07-09,5,3,3
rc,dse,2003-07-10,17,6,6
rc,dse,2003-07-11,7,3,3
rc,dse,2003-07-12,3,1,2
rc,dse,2003-07-13,3,2,2
rc,dse,2003-07-14,6,4,3
rc,dse,2003-07-15,37,4,5
rc,dse,2003-07-16,20,6,12
rc,dse,2003-07-17,11,5,5
rc,dse,2003-07-18,9,4,2
rc,dse,2003-07-19,5,3,3
rc,dse,2003-07-20,17,8,7
rc,dse,2003-07-21,23,3,14
rc,dse,2003-07-22,3,3,3
rc,dse,2003-07-23,9,4,5
rc,dse,2003-07-24,1,1,1
rc,dse,2003-07-25,7,3,1
rc,dse,2003-07-26,13,1,8
rc,dse,2003-07-27,3,2,3
rc,dse,2003-07-28,7,2,4
rc,dse,2003-07-29,8,3,2
rc,dse,2003-07-30,14,5,4
rc,dse,2003-07-31,20,4,4
rc,dse,2003-08-01,27,9,9
rc,dse,2003-08-02,5,3,2
rc,dse,2003-08-03,5,5,5
rc,dse,2003-08-04,11,6,5
rc,dse,2003-08-05,25,7,8
rc,dse,2003-08-07,9,7,6
rc,dse,2003-08-08,9,6,6
rc,dse,2003-08-09,6,2,3
rc,dse,2003-08-10,22,4,8
rc,dse,2003-08-11,5,4,4
rc,dse,2003-08-12,7,3,4
rc,dse,2003-08-13,7,3,4
rc,dse,2003-08-14,15,6,8
rc,dse,2003-08-16,2,1,1
rc,dse,2003-08-17,9,2,3
rc,dse,2003-08-18,23,4,4
rc,dse,2003-08-19,14,4,8
rc,dse,2003-08-20,7,4,5
rc,dse,2003-08-21,5,3,4
rc,dse,2003-08-22,43,6,12
rc,dse,2003-08-23,4,2,3
rc,dse,2003-08-24,11,4,7
rc,dse,2003-08-25,10,5,6
rc,dse,2003-08-26,5,3,5
rc,dse,2003-08-27,12,4,4
rc,dse,2003-08-28,26,4,8
rc,dse,2003-08-29,27,4,7
rc,dse,2003-08-30,41,8,6
rc,dse,2003-08-31,21,6,3
rc,dse,2003-09-01,34,10,8
rc,dse,2003-09-02,6,3,2
rc,dse,2003-09-03,29,8,5
rc,dse,2003-09-04,15,6,6
rc,dse,2003-09-05,31,12,13
rc,dse,2003-09-06,18,10,11
rc,dse,2003-09-07,64,5,50
rc,dse,2003-09-08,55,10,24
rc,dse,2003-09-09,106,10,26
rc,dse,2003-09-10,57,13,25
rc,dse,2003-09-11,44,6,22
rc,dse,2003-09-12,12,7,8
rc,dse,2003-09-13,25,3,4
rc,dse,2003-09-14,29,8,11
rc,dse,2003-09-15,22,7,8
rc,dse,2003-09-16,3,2,3
rc,dse,2003-09-17,1,1,1
rc,dse,2003-09-18,6,4,3
rc,dse,2003-09-19,15,4,5
rc,dse,2003-09-20,8,1,2
rc,dse,2003-09-22,2,2,2
rc,dse,2003-09-23,2,2,2
rc,dse,2003-09-24,6,3,3
rc,dse,2003-09-25,4,1,2
rc,dse,2003-09-26,2,1,1
rc,dse,2003-09-27,1,1,1
rc,dse,2003-09-28,2,2,2
rc,dse,2003-09-30,5,4,3
rc,dse,2003-10-01,4,3,4
rc,dse,2003-10-02,3,3,1
rc,dse,2003-10-03,6,3,4
rc,dse,2003-10-04,3,2,2
rc,dse,2003-10-05,3,2,2
rc,dse,2003-10-06,10,4,3
rc,dse,2003-10-07,21,5,8
rc,dse,2003-10-08,9,4,5
rc,dse,2003-10-09,6,2,4
rc,dse,2003-10-10,17,7,8
rc,dse,2003-10-11,9,4,4
rc,dse,2003-10-12,7,4,3
rc,dse,2003-10-13,14,4,6
rc,dse,2003-10-14,30,8,8
rc,dse,2003-10-15,10,5,4
rc,dse,2003-10-16,10,4,3
rc,dse,2003-10-17,10,3,4
rc,dse,2003-10-19,9,3,5
rc,dse,2003-10-20,7,4,5
rc,dse,2003-10-21,17,5,10
rc,dse,2003-10-22,4,3,3
rc,dse,2003-10-23,4,4,4
rc,dse,2003-10-24,67,5,6
rc,dse,2003-10-25,3,2,2
rc,dse,2003-10-27,10,4,2
rc,dse,2003-10-28,4,3,3
rc,dse,2003-10-29,14,9,7
rc,dse,2003-10-30,7,2,3
rc,dse,2003-10-31,13,5,3
rc,dse,2003-11-01,5,4,4
rc,dse,2003-11-02,4,2,2
rc,dse,2003-11-03,13,6,5
rc,dse,2003-11-04,8,4,5
rc,dse,2003-11-05,4,2,3
rc,dse,2003-11-06,8,5,5
rc,dse,2003-11-07,9,3,4
rc,dse,2003-11-08,3,1,1
rc,dse,2003-11-09,6,2,3
rc,dse,2003-11-10,9,5,5
rc,dse,2003-11-11,14,7,3
rc,dse,2003-11-12,5,3,3
rc,dse,2003-11-13,8,5,5
rc,dse,2003-11-14,11,7,7
rc,dse,2003-11-15,4,2,3
rc,dse,2003-11-17,15,3,3
rc,dse,2003-11-18,5,2,3
rc,dse,2003-11-19,3,2,2
rc,dse,2003-11-20,5,4,3
rc,dse,2003-11-21,14,3,4
rc,dse,2003-11-23,6,3,3
rc,dse,2003-11-24,12,6,6
rc,dse,2003-11-25,7,3,1
rc,dse,2003-11-26,13,3,8
rc,dse,2003-11-27,22,7,11
rc,dse,2003-11-28,18,6,8
rc,dse,2003-11-29,21,7,6
rc,dse,2003-11-30,6,2,3
rc,dse,2003-12-01,8,3,5
rc,dse,2003-12-02,4,3,3
rc,dse,2003-12-03,3,3,2
rc,dse,2003-12-04,4,2,1
rc,dse,2003-12-05,3,1,2
rc,dse,2003-12-06,2,2,2
rc,dse,2003-12-07,1,1,1
rc,dse,2003-12-08,4,3,4
rc,dse,2003-12-12,12,2,2
rc,dse,2003-12-13,4,2,1
rc,dse,2003-12-14,2,2,2
rc,dse,2003-12-15,1,1,1
rc,dse,2003-12-16,3,2,2
rc,dse,2003-12-17,8,3,3
rc,dse,2003-12-18,2,2,2
rc,dse,2003-12-19,2,1,1
rc,dse,2003-12-20,1,1,1
rc,dse,2003-12-21,13,1,4
rc,dse,2003-12-23,2,1,1
rc,dse,2003-12-27,4,2,2
rc,dse,2003-12-28,1,1,1
rc,dse,2003-12-30,1,1,1
rc,dse,2003-12-31,4,2,2
rc,dse,2004-01-03,6,1,1
rc,dse,2004-01-04,7,4,2
rc,dse,2004-01-05,8,3,6
rc,dse,2004-01-06,12,8,8
rc,dse,2004-01-07,12,5,8
rc,dse,2004-01-08,10,6,8
rc,dse,2004-01-09,13,4,5
rc,dse,2004-01-10,18,8,6
rc,dse,2004-01-11,5,4,4
rc,dse,2004-01-12,2,1,1
rc,dse,2004-01-13,2,2,2
rc,dse,2004-01-14,9,6,6
rc,dse,2004-01-15,2,2,2
rc,dse,2004-01-16,13,4,4
rc,dse,2004-01-17,2,1,1
rc,dse,2004-01-19,1,1,1
rc,dse,2004-01-20,1,1,1
rc,dse,2004-01-21,16,4,11
rc,dse,2004-01-22,8,3,3
rc,dse,2004-01-23,13,3,4
rc,dse,2004-01-24,3,1,2
rc,dse,2004-01-25,4,1,1
rc,dse,2004-01-26,3,3,3
rc,dse,2004-01-27,5,5,3
rc,dse,2004-01-28,11,7,6
rc,dse,2004-01-29,5,2,2
rc,dse,2004-01-30,5,1,1
rc,dse,2004-01-31,1,1,1
rc,dse,2004-02-01,7,3,3
rc,dse,2004-02-02,5,4,3
rc,dse,2004-02-03,3,3,2
rc,dse,2004-02-04,9,6,6
rc,dse,2004-02-05,12,8,6
rc,dse,2004-02-06,3,1,1
rc,dse,2004-02-08,6,2,2
rc,dse,2004-02-09,17,3,3
rc,dse,2004-02-10,3,2,2
rc,dse,2004-02-11,13,6,5
rc,dse,2004-02-12,9,2,2
rc,dse,2004-02-13,12,5,6
rc,dse,2004-02-14,1,1,1
rc,dse,2004-02-15,3,3,3
rc,dse,2004-02-16,11,4,4
rc,dse,2004-02-17,2,2,2
rc,dse,2004-02-18,4,3,2
rc,dse,2004-02-19,4,2,3
rc,dse,2004-02-20,1,1,1
rc,dse,2004-02-21,3,3,3
rc,dse,2004-02-22,8,6,5
rc,dse,2004-02-23,2,2,1
rc,dse,2004-02-24,10,5,5
rc,dse,2004-02-25,3,2,2
rc,dse,2004-02-26,3,3,2
rc,dse,2004-02-27,8,2,4
rc,dse,2004-02-28,6,2,2
rc,dse,2004-02-29,2,1,1
rc,dse,2004-03-01,1,1,1
rc,dse,2004-03-02,4,3,3
rc,dse,2004-03-03,3,3,2
rc,dse,2004-03-04,6,4,5
rc,dse,2004-03-05,6,3,3
rc,dse,2004-03-06,3,3,3
rc,dse,2004-03-07,9,6,6
rc,dse,2004-03-08,5,2,4
rc,dse,2004-03-09,2,1,1
rc,dse,2004-03-10,5,4,4
rc,dse,2004-03-11,3,2,2
rc,dse,2004-03-12,15,2,4
rc,dse,2004-03-14,24,2,4
rc,dse,2004-03-15,8,3,2
rc,dse,2004-03-16,5,2,2
rc,dse,2004-03-17,14,5,2
rc,dse,2004-03-18,4,3,2
rc,dse,2004-03-19,7,2,4
rc,dse,2004-03-20,1,1,1
rc,dse,2004-03-21,1,1,1
rc,dse,2004-03-22,6,4,3
rc,dse,2004-03-23,3,2,2
rc,dse,2004-03-24,2,2,2
rc,dse,2004-03-25,9,3,5
rc,dse,2004-03-26,5,3,4
rc,dse,2004-03-27,24,2,4
rc,dse,2004-03-28,1,1,1
rc,dse,2004-03-29,3,3,3
rc,dse,2004-03-30,4,4,4
rc,dse,2004-03-31,4,2,3
rc,dse,2004-04-01,13,1,7
rc,dse,2004-04-02,6,2,2
rc,dse,2004-04-03,22,3,4
rc,dse,2004-04-04,4,3,3
rc,dse,2004-04-05,1,1,1
rc,dse,2004-04-06,4,4,4
rc,dse,2004-04-07,26,4,8
rc,dse,2004-04-09,7,3,4
rc,dse,2004-04-11,7,1,3
rc,dse,2004-04-12,11,4,6
rc,dse,2004-04-13,4,3,3
rc,dse,2004-04-14,1,1,1
rc,dse,2004-04-15,4,3,3
rc,dse,2004-04-16,3,2,3
rc,dse,2004-04-17,23,4,6
rc,dse,2004-04-18,4,1,1
rc,dse,2004-04-19,44,2,4
rc,dse,2004-04-20,20,4,2
rc,dse,2004-04-21,9,2,5
rc,dse,2004-04-22,8,2,3
rc,dse,2004-04-23,7,5,4
rc,dse,2004-04-24,9,2,2
rc,dse,2004-04-25,7,4,5
rc,dse,2004-04-26,2,2,2
rc,dse,2004-04-27,4,4,2
rc,dse,2004-04-29,1,1,1
rc,dse,2004-04-30,6,4,4
rc,dse,2004-05-03,6,3,3
rc,dse,2004-05-04,4,3,3
rc,dse,2004-05-05,3,3,2
rc,dse,2004-05-06,3,2,2
rc,dse,2004-05-07,23,6,4
rc,dse,2004-05-08,4,2,3
rc,dse,2004-05-09,2,2,2
rc,dse,2004-05-10,3,2,2
rc,dse,2004-05-11,6,2,3
rc,dse,2004-05-13,3,2,2
rc,dse,2004-05-14,2,1,1
rc,dse,2004-05-16,1,1,1
rc,dse,2004-05-17,1,1,1
rc,dse,2004-05-18,6,1,2
rc,dse,2004-05-21,3,2,2
rc,dse,2004-05-22,2,2,2
rc,dse,2004-05-23,1,1,1
rc,dse,2004-05-25,7,3,4
rc,dse,2004-05-26,2,1,1
rc,dse,2004-05-27,5,2,2
rc,dse,2004-05-30,1,1,1
rc,dse,2004-06-01,6,1,4
rc,dse,2004-06-02,6,2,3
rc,dse,2004-06-03,4,2,3
rc,dse,2004-06-04,3,3,3
rc,dse,2004-06-07,20,4,5
rc,dse,2004-06-08,1,1,1
rc,dse,2004-06-09,3,2,2
rc,dse,2004-06-10,5,1,1
rc,dse,2004-06-14,1,1,1
rc,dse,2004-06-15,2,1,1
rc,dse,2004-06-16,12,6,6
rc,dse,2004-06-17,11,6,9
rc,dse,2004-06-18,2,2,2
rc,dse,2004-06-20,2,2,1
rc,dse,2004-06-22,6,1,3
rc,dse,2004-06-23,10,4,5
rc,dse,2004-06-24,4,2,2
rc,dse,2004-06-26,5,2,3
rc,dse,2004-06-27,8,3,4
rc,dse,2004-06-28,7,3,4
rc,dse,2004-06-29,1,1,1
rc,dse,2004-06-30,7,4,5
rc,dse,2004-07-01,2,2,2
rc,dse,2004-07-02,5,3,3
rc,dse,2004-07-05,23,7,9
rc,dse,2004-07-06,1,1,1
rc,dse,2004-07-07,2,2,2
rc,dse,2004-07-10,1,1,1
rc,dse,2004-07-11,2,1,1
rc,dse,2004-07-12,2,1,1
rc,dse,2004-07-14,2,1,1
rc,dse,2004-07-15,3,2,3
rc,dse,2004-07-16,1,1,1
rc,dse,2004-07-17,1,1,1
rc,dse,2004-07-19,11,4,5
rc,dse,2004-07-20,43,4,5
rc,dse,2004-07-21,15,4,8
rc,dse,2004-07-22,3,2,1
rc,dse,2004-07-24,6,2,5
rc,dse,2004-07-25,3,1,3
rc,dse,2004-07-26,6,3,4
rc,dse,2004-07-27,5,2,2
rc,dse,2004-07-29,12,4,5
rc,dse,2004-07-30,27,4,8
rc,dse,2004-07-31,4,1,3
rc,dse,2004-08-02,1,1,1
rc,dse,2004-08-04,4,2,2
rc,dse,2004-08-05,1,1,1
rc,dse,2004-08-06,9,4,3
rc,dse,2004-08-07,16,3,3
rc,dse,2004-08-09,2,1,1
rc,dse,2004-08-10,8,4,4
rc,dse,2004-08-11,9,4,3
rc,dse,2004-08-12,13,4,4
rc,dse,2004-08-13,19,4,9
rc,dse,2004-08-14,5,1,4
rc,dse,2004-08-15,6,3,4
rc,dse,2004-08-16,19,4,15
rc,dse,2004-08-17,23,3,17
rc,dse,2004-08-18,16,3,6
rc,dse,2004-08-20,2,1,2
rc,dse,2004-08-21,6,2,1
rc,dse,2004-08-22,2,1,1
rc,dse,2004-08-27,1,1,1
rc,dse,2004-08-28,1,1,1
rc,dse,2004-09-02,2,1,1
rc,dse,2004-09-06,4,1,3
rc,dse,2004-09-08,1,1,1
rc,dse,2004-09-09,1,1,1
rc,dse,2004-09-12,1,1,1
rc,dse,2004-09-14,2,2,2
rc,dse,2004-09-15,4,1,1
rc,dse,2004-09-16,16,3,8
rc,dse,2004-09-17,1,1,1
rc,dse,2004-09-18,6,2,4
rc,dse,2004-09-19,3,2,2
rc,dse,2004-09-20,21,2,3
rc,dse,2004-09-21,2,1,1
rc,dse,2004-09-23,2,2,2
rc,dse,2004-09-25,4,2,3
rc,dse,2004-09-27,1,1,1
rc,dse,2004-09-28,4,2,1
rc,dse,2004-09-30,2,2,2
rc,dse,2004-10-01,4,2,1
rc,dse,2004-10-04,1,1,1
rc,dse,2004-10-05,6,3,3
rc,dse,2004-10-06,1,1,1
rc,dse,2004-10-07,1,1,1
rc,dse,2004-10-09,3,2,2
rc,dse,2004-10-10,3,1,3
rc,dse,2004-10-11,29,2,8
rc,dse,2004-10-12,17,2,9
rc,dse,2004-10-13,23,2,9
rc,dse,2004-10-14,15,1,5
rc,dse,2004-10-15,18,3,2
rc,dse,2004-10-17,3,2,2
rc,dse,2004-10-18,24,5,9
rc,dse,2004-10-19,14,4,9
rc,dse,2004-10-20,4,2,4
rc,dse,2004-10-21,3,1,2
rc,dse,2004-10-22,1,1,1
rc,dse,2004-10-23,3,1,2
rc,dse,2004-10-24,1,1,1
rc,dse,2004-10-27,3,2,1
rc,dse,2004-10-28,10,5,7
rc,dse,2004-10-29,4,4,4
rc,dse,2004-10-31,4,2,3
rc,dse,2004-11-01,1,1,1
rc,dse,2004-11-02,2,2,2
rc,dse,2004-11-03,4,3,2
rc,dse,2004-11-05,5,3,2
rc,dse,2004-11-09,4,1,3
rc,dse,2004-11-12,3,3,3
rc,dse,2004-11-13,3,1,2
rc,dse,2004-11-15,7,2,4
rc,dse,2004-11-16,8,3,5
rc,dse,2004-11-17,1,1,1
rc,dse,2004-11-18,2,2,2
rc,dse,2004-11-19,2,1,1
rc,dse,2004-11-20,8,3,3
rc,dse,2004-11-22,7,4,5
rc,dse,2004-11-24,1,1,1
rc,dse,2004-11-25,1,1,1
rc,dse,2004-11-26,3,2,2
rc,dse,2004-11-29,1,1,1
rc,dse,2004-11-30,13,3,7
rc,dse,2004-12-01,3,1,1
rc,dse,2004-12-02,2,1,1
rc,dse,2004-12-03,1,1,1
rc,dse,2004-12-06,5,2,3
rc,dse,2004-12-07,18,2,6
rc,dse,2004-12-09,6,2,4
rc,dse,2004-12-10,9,3,3
rc,dse,2004-12-12,1,1,1
rc,dse,2004-12-13,3,1,3
rc,dse,2004-12-14,7,4,5
rc,dse,2004-12-15,1,1,1
rc,dse,2004-12-17,3,1,2
rc,dse,2004-12-18,1,1,1
rc,dse,2004-12-20,4,1,2
rc,dse,2004-12-21,1,1,1
rc,dse,2004-12-23,1,1,1
rc,dse,2004-12-27,3,1,2
rc,dse,2004-12-29,1,1,1
rc,dse,2004-12-30,2,2,2
rc,dse,2004-12-31,1,1,1
rc,dse,2005-01-05,26,2,11
rc,dse,2005-01-07,1,1,1
rc,dse,2005-01-08,3,2,2
rc,dse,2005-01-10,1,1,1
rc,dse,2005-01-11,4,2,2
rc,dse,2005-01-12,2,1,1
rc,dse,2005-01-14,1,1,1
rc,dse,2005-01-15,1,1,1
rc,dse,2005-01-17,10,3,9
rc,dse,2005-01-18,3,2,3
rc,dse,2005-01-19,5,2,4
rc,dse,2005-01-20,7,2,3
rc,dse,2005-01-21,1,1,1
rc,dse,2005-01-22,10,1,4
rc,dse,2005-01-23,1,1,1
rc,dse,2005-01-24,20,5,9
rc,dse,2005-01-25,12,4,6
rc,dse,2005-01-26,14,4,6
rc,dse,2005-01-27,1,1,1
rc,dse,2005-01-28,12,1,6
rc,dse,2005-01-29,6,1,3
rc,dse,2005-01-30,12,2,5
rc,dse,2005-01-31,12,1,7
rc,dse,2005-02-01,4,3,4
rc,dse,2005-02-02,6,2,6
rc,dse,2005-02-03,3,2,3
rc,dse,2005-02-04,24,3,12
rc,dse,2005-02-05,2,2,2
rc,dse,2005-02-06,1,1,1
rc,dse,2005-02-07,1,1,1
rc,dse,2005-02-08,3,1,2
rc,dse,2005-02-09,4,3,3
rc,dse,2005-02-10,9,3,5
rc,dse,2005-02-11,1,1,1
rc,dse,2005-02-12,4,1,2
rc,dse,2005-02-13,11,2,6
rc,dse,2005-02-14,7,3,4
rc,dse,2005-02-15,2,2,2
rc,dse,2005-02-16,6,2,3
rc,dse,2005-02-18,5,1,5
rc,dse,2005-02-19,7,2,5
rc,dse,2005-02-20,10,1,3
rc,dse,2005-02-21,14,2,4
rc,dse,2005-02-23,5,1,3
rc,dse,2005-02-24,5,1,3
rc,dse,2005-02-25,1,1,1
rc,dse,2005-02-28,3,1,2
rc,dse,2005-03-01,2,1,1
rc,dse,2005-03-03,8,3,6
rc,dse,2005-03-04,1,1,1
rc,dse,2005-03-05,3,1,2
rc,dse,2005-03-06,1,1,1
rc,dse,2005-03-07,5,3,3
rc,dse,2005-03-08,2,1,1
rc,dse,2005-03-09,2,2,2
rc,dse,2005-03-11,2,2,2
rc,dse,2005-03-12,7,2,3
rc,dse,2005-03-14,3,1,1
rc,dse,2005-03-17,12,3,4
rc,dse,2005-03-19,7,2,3
rc,dse,2005-03-20,10,2,3
rc,dse,2005-03-21,2,2,2
rc,dse,2005-03-22,4,3,3
rc,dse,2005-03-23,5,1,1
rc,dse,2005-03-24,1,1,1
rc,dse,2005-03-25,8,1,2
rc,dse,2005-03-26,2,1,1
rc,dse,2005-03-27,5,2,4
rc,dse,2005-03-28,3,1,2
rc,dse,2005-03-29,1,1,1
rc,dse,2005-03-30,3,2,3
rc,dse,2005-03-31,1,1,1
rc,dse,2005-04-01,2,2,2
rc,dse,2005-04-02,6,4,4
rc,dse,2005-04-03,3,2,3
rc,dse,2005-04-04,6,3,4
rc,dse,2005-04-05,5,2,4
rc,dse,2005-04-06,1,1,1
rc,dse,2005-04-07,3,2,3
rc,dse,2005-04-09,10,1,4
rc,dse,2005-04-10,1,1,1
rc,dse,2005-04-11,1,1,1
rc,dse,2005-04-13,7,2,2
rc,dse,2005-04-14,7,3,5
rc,dse,2005-04-15,7,2,2
rc,dse,2005-04-16,4,2,3
rc,dse,2005-04-17,8,3,4
rc,dse,2005-04-18,2,1,2
rc,dse,2005-04-19,4,1,1
rc,dse,2005-04-20,5,2,2
rc,dse,2005-04-21,4,3,3
rc,dse,2005-04-22,4,3,2
rc,dse,2005-04-23,5,2,4
rc,dse,2005-04-24,11,2,6
rc,dse,2005-04-25,2,2,2
rc,dse,2005-04-26,3,1,2
rc,dse,2005-04-27,12,2,4
rc,dse,2005-04-28,2,1,1
rc,dse,2005-04-29,8,4,7
rc,dse,2005-04-30,1,1,1
rc,dse,2005-05-01,4,2,2
rc,dse,2005-05-02,1,1,1
rc,dse,2005-05-03,3,3,2
rc,dse,2005-05-04,10,3,2
rc,dse,2005-05-05,2,2,2
rc,dse,2005-05-06,2,1,2
rc,dse,2005-05-08,3,2,2
rc,dse,2005-05-10,2,1,2
rc,dse,2005-05-11,6,1,2
rc,dse,2005-05-13,4,3,4
rc,dse,2005-05-14,5,2,3
rc,dse,2005-05-15,1,1,1
rc,dse,2005-05-18,19,2,3
rc,dse,2005-05-19,13,3,3
rc,dse,2005-05-20,15,3,6
rc,dse,2005-05-21,1,1,1
rc,dse,2005-05-22,1,1,1
rc,dse,2005-05-23,7,1,3
rc,dse,2005-05-24,2,1,1
rc,dse,2005-05-25,5,1,3
rc,dse,2005-05-26,2,1,1
rc,dse,2005-05-27,2,2,2
rc,dse,2005-05-28,3,1,3
rc,dse,2005-05-29,4,2,2
rc,dse,2005-05-30,5,1,2
rc,dse,2005-05-31,13,2,2
rc,dse,2005-06-03,7,1,2
rc,dse,2005-06-04,6,3,4
rc,dse,2005-06-05,1,1,1
rc,dse,2005-06-06,4,2,3
rc,dse,2005-06-07,6,3,3
rc,dse,2005-06-09,2,1,2
rc,dse,2005-06-10,21,4,5
rc,dse,2005-06-11,8,3,2
rc,dse,2005-06-12,4,1,4
rc,dse,2005-06-13,7,4,6
rc,dse,2005-06-14,3,3,3
rc,dse,2005-06-15,1,1,1
rc,dse,2005-06-16,2,2,2
rc,dse,2005-06-17,20,3,7
rc,dse,2005-06-18,3,1,1
rc,dse,2005-06-19,13,2,4
rc,dse,2005-06-20,2,2,2
rc,dse,2005-06-21,3,1,1
rc,dse,2005-06-22,6,4,4
rc,dse,2005-06-23,4,1,1
rc,dse,2005-06-24,1,1,1
rc,dse,2005-06-25,2,2,2
rc,dse,2005-06-26,13,3,5
rc,dse,2005-06-27,2,1,1
rc,dse,2005-06-28,7,2,2
rc,dse,2005-06-29,5,2,2
rc,dse,2005-06-30,4,2,2
rc,dse,2005-07-01,2,1,2
rc,dse,2005-07-02,4,1,1
rc,dse,2005-07-03,10,3,2
rc,dse,2005-07-04,4,1,1
rc,dse,2005-07-05,1,1,1
rc,dse,2005-07-06,5,1,3
rc,dse,2005-07-07,5,2,2
rc,dse,2005-07-08,14,1,3
rc,dse,2005-07-09,8,1,2
rc,dse,2005-07-10,2,1,2
rc,dse,2005-07-11,23,3,6
rc,dse,2005-07-12,9,2,4
rc,dse,2005-07-13,6,1,2
rc,dse,2005-07-14,8,2,4
rc,dse,2005-07-15,11,2,3
rc,dse,2005-07-16,9,2,2
rc,dse,2005-07-17,28,4,3
rc,dse,2005-07-18,9,2,4
rc,dse,2005-07-19,14,1,3
rc,dse,2005-07-20,9,1,2
rc,dse,2005-07-21,1,1,1
rc,dse,2005-07-22,1,1,1
rc,dse,2005-07-23,6,1,1
rc,dse,2005-07-25,3,2,3
rc,dse,2005-07-26,13,3,6
rc,dse,2005-07-27,23,2,3
rc,dse,2005-07-28,12,2,5
rc,dse,2005-07-29,9,2,5
rc,dse,2005-07-30,3,2,2
rc,dse,2005-07-31,11,2,8
rc,dse,2005-08-01,1,1,1
rc,dse,2005-08-03,5,2,3
rc,dse,2005-08-04,18,3,8
rc,dse,2005-08-05,9,2,5
rc,dse,2005-08-06,4,1,2
rc,dse,2005-08-07,25,2,8
rc,dse,2005-08-08,16,3,5
rc,dse,2005-08-09,3,1,3
rc,dse,2005-08-10,2,1,1
rc,dse,2005-08-11,14,2,6
rc,dse,2005-08-13,6,1,4
rc,dse,2005-08-14,3,1,1
rc,dse,2005-08-15,3,2,3
rc,dse,2005-08-16,4,2,2
rc,dse,2005-08-17,10,3,3
rc,dse,2005-08-18,5,1,1
rc,dse,2005-08-20,2,2,2
rc,dse,2005-08-21,5,1,1
rc,dse,2005-08-23,1,1,1
rc,dse,2005-08-24,1,1,1
rc,dse,2005-08-25,1,1,1
rc,dse,2005-08-26,3,1,3
rc,dse,2005-08-28,4,1,1
rc,dse,2005-08-29,13,3,4
rc,dse,2005-08-31,7,1,7
rc,dse,2005-09-01,3,3,3
rc,dse,2005-09-02,6,3,4
rc,dse,2005-09-03,7,1,3
rc,dse,2005-09-04,7,2,1
rc,dse,2005-09-05,9,3,5
rc,dse,2005-09-07,3,1,1
rc,dse,2005-09-08,1,1,1
rc,dse,2005-09-09,1,1,1
rc,dse,2005-09-10,15,2,7
rc,dse,2005-09-11,6,3,4
rc,dse,2005-09-12,5,1,3
rc,dse,2005-09-14,8,3,4
rc,dse,2005-09-15,4,2,1
rc,dse,2005-09-16,7,3,2
rc,dse,2005-09-17,2,1,1
rc,dse,2005-09-18,2,2,2
rc,dse,2005-09-19,1,1,1
rc,dse,2005-09-20,2,2,2
rc,dse,2005-09-22,4,2,2
rc,dse,2005-09-24,2,1,1
rc,dse,2005-09-27,3,1,2
rc,dse,2005-09-28,1,1,1
rc,dse,2005-09-30,1,1,1
rc,dse,2005-10-05,2,1,1
rc,dse,2005-10-07,2,1,1
rc,dse,2005-10-12,1,1,1
rc,dse,2005-10-15,1,1,1
rc,dse,2005-10-18,2,2,2
rc,dse,2005-10-27,2,1,1
rc,dse,2005-10-28,1,1,1
rc,dse,2005-10-30,3,2,2
rc,dse,2005-11-01,6,1,1
rc,dse,2005-11-02,6,2,4
rc,dse,2005-11-03,2,2,2
rc,dse,2005-11-04,1,1,1
rc,dse,2005-11-05,1,1,1
rc,dse,2005-11-08,1,1,1
rc,dse,2005-11-10,1,1,1
rc,dse,2005-11-12,1,1,1
rc,dse,2005-11-16,3,1,1
rc,dse,2005-11-18,3,2,3
rc,dse,2005-11-19,2,1,2
rc,dse,2005-11-23,1,1,1
rc,dse,2005-11-24,2,1,2
rc,dse,2005-11-25,3,1,3
rc,dse,2005-11-26,1,1,1
rc,dse,2005-11-28,2,2,2
rc,dse,2005-11-30,1,1,1
rc,dse,2005-12-04,3,2,3
rc,dse,2005-12-05,1,1,1
rc,dse,2005-12-06,1,1,1
rc,dse,2005-12-07,1,1,1
rc,dse,2005-12-10,2,2,2
rc,dse,2005-12-11,2,1,2
rc,dse,2005-12-23,2,2,2
rc,dse,2005-12-26,1,1,1
rc,dse,2005-12-31,2,1,1
rc,dse,2006-01-02,18,2,7
rc,dse,2006-01-03,14,2,2
rc,dse,2006-01-05,1,1,1
rc,dse,2006-01-06,3,2,3
rc,dse,2006-01-11,1,1,1
rc,dse,2006-01-12,2,1,1
rc,dse,2006-01-13,4,2,2
rc,dse,2006-01-14,48,3,18
rc,dse,2006-01-16,3,2,2
rc,dse,2006-01-17,23,2,6
rc,dse,2006-01-18,1,1,1
rc,dse,2006-01-19,3,2,2
rc,dse,2006-01-20,2,1,1
rc,dse,2006-01-21,1,1,1
rc,dse,2006-01-22,2,1,1
rc,dse,2006-01-25,2,1,2
rc,dse,2006-01-30,3,2,3
rc,dse,2006-02-02,1,1,1
rc,dse,2006-02-03,1,1,1
rc,dse,2006-02-06,61,2,12
rc,dse,2006-02-07,3,2,2
rc,dse,2006-02-08,4,1,2
rc,dse,2006-02-10,5,1,2
rc,dse,2006-02-11,1,1,1
rc,dse,2006-02-13,3,1,1
rc,dse,2006-02-14,7,2,3
rc,dse,2006-02-15,2,1,2
rc,dse,2006-02-17,1,1,1
rc,dse,2006-02-20,1,1,1
rc,dse,2006-02-21,1,1,1
rc,dse,2006-02-23,1,1,1
rc,dse,2006-02-25,7,2,4
rc,dse,2006-02-26,1,1,1
rc,dse,2006-02-27,65,2,3
rc,dse,2006-02-28,5,3,3
rc,dse,2006-03-01,2,1,1
rc,dse,2006-03-03,1,1,1
rc,dse,2006-03-04,1,1,1
rc,dse,2006-03-05,1,1,1
rc,dse,2006-03-10,3,2,2
rc,dse,2006-03-11,5,1,3
rc,dse,2006-03-12,1,1,1
rc,dse,2006-03-13,4,1,2
rc,dse,2006-03-16,2,2,2
rc,dse,2006-03-18,3,1,2
rc,dse,2006-03-19,2,1,1
rc,dse,2006-03-20,3,2,3
rc,dse,2006-03-21,13,3,4
rc,dse,2006-03-23,12,5,6
rc,dse,2006-03-24,3,1,1
rc,dse,2006-03-26,4,1,3
rc,dse,2006-03-27,23,4,14
rc,dse,2006-03-28,3,2,1
rc,dse,2006-03-29,3,2,2
rc,dse,2006-03-31,8,3,6
rc,dse,2006-04-01,1,1,1
rc,dse,2006-04-07,5,3,4
rc,dse,2006-04-08,1,1,1
rc,dse,2006-04-09,5,2,4
rc,dse,2006-04-14,1,1,1
rc,dse,2006-04-18,1,1,1
rc,dse,2006-04-19,4,1,2
rc,dse,2006-04-20,3,2,2
rc,dse,2006-04-21,9,2,3
rc,dse,2006-04-23,1,1,1
rc,dse,2006-04-24,8,1,2
rc,dse,2006-04-25,22,3,2
rc,dse,2006-04-26,18,3,4
rc,dse,2006-04-27,5,2,3
rc,dse,2006-04-28,11,3,4
rc,dse,2006-04-29,12,2,4
rc,dse,2006-04-30,4,1,2
rc,dse,2006-05-01,3,2,3
rc,dse,2006-05-02,4,1,2
rc,dse,2006-05-03,5,2,2
rc,dse,2006-05-04,3,1,1
rc,dse,2006-05-05,4,2,3
rc,dse,2006-05-08,2,2,2
rc,dse,2006-05-09,2,1,1
rc,dse,2006-05-10,1,1,1
rc,dse,2006-05-11,1,1,1
rc,dse,2006-05-13,2,1,1
rc,dse,2006-05-15,1,1,1
rc,dse,2006-05-21,1,1,1
rc,dse,2006-05-22,1,1,1
rc,dse,2006-05-24,1,1,1
rc,dse,2006-05-25,2,1,1
rc,dse,2006-05-26,8,1,2
rc,dse,2006-05-27,5,1,3
rc,dse,2006-05-28,1,1,1
rc,dse,2006-05-29,4,3,3
rc,dse,2006-05-30,2,1,2
rc,dse,2006-05-31,8,2,4
rc,dse,2006-06-01,2,2,2
rc,dse,2006-06-03,2,1,2
rc,dse,2006-06-05,3,1,1
rc,dse,2006-06-06,6,1,1
rc,dse,2006-06-09,1,1,1
rc,dse,2006-06-11,2,1,2
rc,dse,2006-06-13,2,1,1
rc,dse,2006-06-18,2,1,1
rc,dse,2006-06-19,3,1,1
rc,dse,2006-06-20,4,1,2
rc,dse,2006-06-23,3,1,1
rc,dse,2006-06-24,5,2,2
rc,dse,2006-06-25,3,1,2
rc,dse,2006-06-27,3,1,1
rc,dse,2006-06-30,11,1,3
rc,dse,2006-07-03,1,1,1
rc,dse,2006-07-04,1,1,1
rc,dse,2006-07-07,2,1,1
rc,dse,2006-07-09,3,1,1
rc,dse,2006-07-12,3,1,1
rc,dse,2006-07-14,1,1,1
rc,dse,2006-07-19,1,1,1
rc,dse,2006-07-20,4,2,3
rc,dse,2006-07-23,2,1,2
rc,dse,2006-07-24,4,2,2
rc,dse,2006-07-27,1,1,1
rc,dse,2006-07-28,5,3,3
rc,dse,2006-07-31,2,2,2
rc,dse,2006-08-05,3,1,1
rc,dse,2006-08-07,3,2,2
rc,dse,2006-08-13,1,1,1
rc,dse,2006-08-19,3,1,2
rc,dse,2006-08-20,1,1,1
rc,dse,2006-08-21,1,1,1
rc,dse,2006-08-24,1,1,1
rc,dse,2006-08-27,4,1,2
rc,dse,2006-08-29,1,1,1
rc,dse,2006-08-30,5,2,2
rc,dse,2006-09-01,2,2,2
rc,dse,2006-09-02,1,1,1
rc,dse,2006-09-05,2,1,1
rc,dse,2006-09-07,2,1,1
rc,dse,2006-09-08,3,1,1
rc,dse,2006-09-09,3,1,1
rc,dse,2006-09-12,1,1,1
rc,dse,2006-09-15,5,1,2
rc,dse,2006-09-17,2,2,2
rc,dse,2006-09-27,1,1,1
rc,dse,2006-10-01,2,1,2
rc,dse,2006-10-09,3,2,2
rc,dse,2006-10-10,4,2,2
rc,dse,2006-10-12,2,1,2
rc,dse,2006-10-13,11,3,3
rc,dse,2006-10-16,2,1,1
rc,dse,2006-10-18,1,1,1
rc,dse,2006-10-20,1,1,1
rc,dse,2006-10-21,1,1,1
rc,dse,2006-10-22,1,1,1
rc,dse,2006-10-23,2,2,2
rc,dse,2006-10-24,3,3,3
rc,dse,2006-10-27,2,1,1
rc,dse,2006-10-29,3,2,2
rc,dse,2006-11-09,2,1,2
rc,dse,2006-11-17,2,1,1
rc,dse,2006-11-19,1,1,1
rc,dse,2006-11-24,1,1,1
rc,dse,2006-11-26,6,1,5
rc,dse,2006-11-28,2,2,2
rc,dse,2006-12-01,4,1,1
rc,dse,2006-12-02,1,1,1
rc,dse,2006-12-08,2,2,2
rc,dse,2006-12-16,1,1,1
rc,dse,2006-12-17,1,1,1
rc,dse,2006-12-18,1,1,1
rc,dse,2006-12-19,1,1,1
rc,dse,2006-12-20,4,1,1
rc,dse,2006-12-26,1,1,1
rc,dse,2007-01-05,4,1,2
rc,dse,2007-01-08,5,1,1
rc,dse,2007-01-12,1,1,1
rc,dse,2007-01-21,7,3,4
rc,dse,2007-01-24,1,1,1
rc,dse,2007-02-13,1,1,1
rc,dse,2007-02-20,1,1,1
rc,dse,2007-02-22,2,1,1
rc,dse,2007-02-23,1,1,1
rc,dse,2007-02-25,3,1,1
rc,dse,2007-02-27,1,1,1
rc,dse,2007-02-28,12,1,1
rc,dse,2007-03-14,1,1,1
rc,dse,2007-03-15,3,1,1
rc,dse,2007-03-17,2,1,1
rc,dse,2007-03-18,3,1,2
rc,dse,2007-03-19,1,1,1
rc,dse,2007-03-23,1,1,1
rc,dse,2007-03-27,1,1,1
rc,dse,2007-03-30,1,1,1
rc,dse,2007-04-03,6,2,5
rc,dse,2007-04-10,1,1,1
rc,dse,2007-04-11,5,1,2
rc,dse,2007-04-19,1,1,1
rc,dse,2007-05-03,4,1,2
rc,dse,2007-05-16,6,2,5
rc,dse,2007-05-25,1,1,1
rc,dse,2007-06-04,3,2,3
rc,dse,2007-06-11,7,1,6
rc,dse,2007-06-14,1,1,1
rc,dse,2007-06-20,1,1,1
rc,dse,2007-07-05,1,1,1
rc,dse,2007-07-11,2,1,2
rc,dse,2007-07-13,7,2,6
rc,dse,2007-07-16,4,1,1
rc,dse,2007-07-19,1,1,1
rc,dse,2007-07-20,5,1,4
rc,dse,2007-07-24,1,1,1
rc,dse,2007-08-12,2,1,1
rc,dse,2007-08-13,1,1,1
rc,dse,2007-08-14,1,1,1
rc,dse,2007-08-16,2,1,1
rc,dse,2007-08-17,2,1,2
rc,dse,2007-08-20,2,2,2
rc,dse,2007-08-21,2,1,2
rc,dse,2007-08-29,1,1,1
rc,dse,2007-08-31,1,1,1
rc,dse,2007-09-12,10,1,3
rc,dse,2007-09-17,1,1,1
rc,dse,2007-09-29,2,1,1
rc,dse,2007-10-01,3,2,1
rc,dse,2007-10-08,4,1,3
rc,dse,2007-10-10,1,1,1
rc,dse,2007-10-26,1,1,1
rc,dse,2007-10-31,1,1,1
rc,dse,2007-11-06,3,1,3
rc,dse,2007-11-11,1,1,1
rc,dse,2007-11-22,1,1,1
rc,dse,2007-11-28,4,1,4
rc,dse,2007-11-29,4,1,1
rc,dse,2007-12-05,1,1,1
rc,dse,2007-12-18,1,1,1
rc,dse,2007-12-23,1,1,1
rc,dse,2007-12-25,1,1,1
rc,dse,2007-12-29,1,1,1
rc,dse,2008-01-14,1,1,1
rc,dse,2008-01-31,1,1,1
rc,dse,2008-02-02,1,1,1
rc,dse,2008-02-05,4,2,2
rc,dse,2008-02-11,3,1,3
rc,dse,2008-02-13,1,1,1
rc,dse,2008-02-17,12,1,8
rc,dse,2008-02-18,1,1,1
rc,dse,2008-02-19,2,1,2
rc,dse,2008-03-05,1,1,1
rc,dse,2008-03-14,1,1,1
rc,dse,2008-03-17,1,1,1
rc,dse,2008-03-18,1,1,1
rc,dse,2008-04-05,2,1,1
rc,dse,2008-04-07,1,1,1
rc,dse,2008-04-09,1,1,1
rc,dse,2008-04-21,3,1,2
rc,dse,2008-05-07,3,1,2
rc,dse,2008-05-13,12,2,6
rc,dse,2008-05-14,8,2,4
rc,dse,2008-05-16,8,1,3
rc,dse,2008-05-18,1,1,1
rc,dse,2008-05-25,1,1,1
rc,dse,2008-06-23,2,1,2
rc,dse,2008-06-24,1,1,1
rc,dse,2008-06-28,1,1,1
rc,dse,2008-07-28,1,1,1
rc,dse,2008-08-11,4,1,1
rc,dse,2008-10-07,1,1,1
rc,dse,2008-10-22,2,1,2
rc,dse,2008-10-24,5,2,2
rc,dse,2008-12-02,1,1,1
rc,dse,2008-12-24,4,1,1
rc,dse,2009-01-13,1,1,1
rc,dse,2009-01-17,1,1,1
rc,dse,2009-01-25,1,1,1
rc,dse,2009-01-29,1,1,1
rc,dse,2009-02-25,1,1,1
rc,dse,2009-03-23,4,1,3
rc,dse,2009-04-02,1,1,1
rc,dse,2009-04-16,1,1,1
rc,dse,2009-04-29,1,1,1
rc,dse,2009-05-20,2,1,1
rc,dse,2009-06-03,1,1,1
rc,dse,2009-06-08,1,1,1
rc,dse,2009-06-13,1,1,1
rc,dse,2009-06-15,1,1,1
rc,dse,2009-07-08,2,2,2
rc,dse,2009-07-09,2,1,1
rc,dse,2009-07-10,2,1,1
rc,dse,2009-07-14,7,1,1
rc,dse,2009-07-23,1,1,1
rc,dse,2009-07-25,5,1,1
rc,dse,2009-07-28,2,2,2
rc,dse,2009-07-29,3,1,2
rc,dse,2009-07-30,11,1,3
rc,dse,2009-08-04,2,1,1
rc,dse,2009-08-06,8,1,3
rc,dse,2009-08-16,2,1,1
rc,dse,2009-08-22,8,1,1
rc,dse,2009-09-01,1,1,1
rc,dse,2009-09-17,8,1,2
rc,dse,2009-09-29,1,1,1
rc,dse,2009-10-21,2,1,1
rc,dse,2009-11-17,2,1,2
rc,dse,2009-12-01,1,1,1
rc,dse,2010-01-19,1,1,1
rc,dse,2010-01-22,1,1,1
rc,dse,2010-02-13,1,1,1
rc,dse,2010-03-01,1,1,1
rc,dse,2010-03-03,1,1,1
rc,dse,2010-03-06,1,1,1
rc,dse,2010-04-27,2,2,1
rc,dse,2010-04-28,4,1,2
rc,dse,2010-04-30,3,1,3
rc,dse,2010-07-20,1,1,1
rc,dse,2010-07-31,3,1,2
rc,dse,2010-08-14,1,1,1
rc,dse,2010-08-22,2,1,2
rc,dse,2010-10-28,3,1,1
rc,dse,2010-12-07,1,1,1
rc,dse,2010-12-31,1,1,1
rc,dse,2011-02-07,2,1,2
rc,dse,2011-04-21,2,1,2
rc,dse,2011-05-13,1,1,1
rc,dse,2011-06-16,1,1,1
rc,dse,2011-08-04,1,1,1
rc,dse,2011-08-05,1,1,1
rc,dse,2011-08-16,2,1,1
rc,dse,2011-08-28,1,1,1
rc,dse,2011-12-03,1,1,1
rc,dse,2011-12-11,2,1,1
rc,dse,2011-12-12,1,1,1
rc,dse,2011-12-13,1,1,1
rc,dse,2011-12-14,5,1,2
rc,dse,2011-12-15,2,1,1
rc,dse,2011-12-23,1,1,1
rc,dse,2011-12-26,1,1,1
rc,dse,2012-02-01,2,1,1
rc,dse,2012-02-06,4,1,2
rc,dse,2012-02-27,1,1,1
rc,dse,2012-03-02,1,1,1
rc,dse,2012-03-04,1,1,1
rc,dse,2012-03-05,1,1,1
rc,dse,2012-04-05,2,2,1
rc,dse,2012-04-12,2,2,2
rc,dse,2012-04-16,2,2,1
rc,dse,2012-04-23,1,1,1
rc,dse,2012-04-25,1,1,1
rc,dse,2012-04-27,1,1,1
rc,dse,2012-05-01,1,1,1
rc,dse,2012-05-03,3,1,1
rc,dse,2012-05-06,2,1,1
rc,dse,2012-05-07,1,1,1
rc,dse,2012-05-24,1,1,1
rc,dse,2012-05-28,1,1,1
rc,dse,2012-05-29,1,1,1
rc,dse,2012-06-07,2,2,2
rc,dse,2012-06-13,1,1,1
rc,dse,2012-06-16,3,1,2
rc,dse,2012-06-18,1,1,1
rc,dse,2012-06-20,1,1,1
rc,dse,2012-06-21,1,1,1
rc,dse,2012-06-22,1,1,1
rc,dse,2012-06-23,1,1,1
rc,dse,2012-07-02,1,1,1
rc,dse,2012-07-03,1,1,1
rc,dse,2012-07-05,8,3,1
rc,dse,2012-07-10,1,1,1
rc,dse,2012-07-16,1,1,1
rc,dse,2012-07-25,2,1,1
rc,dse,2012-07-26,1,1,1
rc,dse,2012-08-06,6,1,5
rc,dse,2012-08-07,4,2,1
rc,dse,2012-08-13,1,1,1
rc,dse,2012-08-23,4,1,1
rc,dse,2012-09-12,1,1,1
rc,dse,2012-09-19,2,1,1
rc,dse,2012-09-26,3,3,2
rc,dse,2012-09-27,2,1,1
rc,dse,2012-10-01,4,3,2
rc,dse,2012-10-02,2,1,1
rc,dse,2012-10-03,1,1,1
rc,dse,2012-10-15,2,2,1
rc,dse,2012-10-17,1,1,1
rc,dse,2012-10-23,6,1,5
rc,dse,2012-10-30,1,1,1
rc,dse,2012-11-01,1,1,1
rc,dse,2012-11-06,1,1,1
rc,dse,2012-11-30,1,1,1
rc,dse,2012-12-02,1,1,1
rc,dse,2012-12-05,2,1,1
rc,dse,2012-12-06,1,1,1
rc,dse,2012-12-12,14,2,1
rc,dse,2012-12-13,1,1,1
rc,dse,2012-12-16,1,1,1
rc,dse,2012-12-20,1,1,1
rc,dse,2013-01-05,1,1,1
rc,dse,2013-01-10,1,1,1
rc,dse,2013-02-27,1,1,1
rc,dse,2013-05-23,1,1,1
rc,dse,2013-05-30,3,2,2
rc,dse,2013-08-11,2,1,1
rc,dse,2013-10-10,1,1,1
rc,dse,2013-11-29,3,1,1
rc,dse,2013-12-19,1,1,1
rc,dse,2014-04-12,1,1,1
rc,dse,2014-06-07,3,1,1
rc,dse,2014-06-08,2,1,1
rc,dse,2015-03-30,1,1,1
rc,dse,2015-06-10,1,1,1
rc,dse,2015-07-23,1,1,1
rc,dse,2015-10-09,1,1,1
rc,dse,2015-12-31,1,1,1
rc,dse,2016-02-15,2,1,1
rc,dse,2016-04-23,2,1,1
rc,dse,2016-05-03,2,1,2
rc,dse,2016-05-09,2,1,2
rc,dse,2016-06-16,2,1,2
rc,dse,2016-07-29,2,1,2
rc,dse,2016-09-01,1,1,1
rc,dse,2016-09-20,1,1,1
rc,dse,2017-01-07,4,1,1
rc,dse,2017-03-19,3,1,2
rc,dse,2017-08-13,2,1,1
rc,dse,2018-03-17,4,1,3
rc,dse,2018-03-19,1,1,1
rc,dse,2018-05-20,3,1,1
rc,dse,2018-05-29,3,1,1
rc,dse,2018-06-01,1,1,1
rc,dse,2018-12-25,1,1,1
rc,dse,2019-01-04,1,1,1
rc,dse,2020-04-08,1,1,1
rc,dse,2020-05-22,1,1,1
rc,dse,2021-02-27,1,1,1
rc,dse,2022-01-05,3,1,2
rc,dse,2023-09-21,1,1,1
rc,dse,2026-01-07,1,1,1
rc,dse,2026-01-08,1,1,1
rc,dse,2026-01-10,2,1,2
rc,dse,2026-05-24,29,7,2
rc,dse,2026-05-26,126,57,107
rc,dse,2026-05-27,14,6,11
rc,dse,2026-05-28,8,7,8
rc,dse,2026-05-29,4,4,3
rc,dse,2026-05-30,14,11,12
rc,dse,2026-05-31,9,4,8
rc,dse,2026-06-01,38,28,35
rc,dse,2026-06-02,3,3,3
rc,dse,2026-06-04,2,2,2
rc,dse,2026-06-05,2,2,2
rc,dse,2026-06-07,5,5,5
rc,dse,2026-06-08,8,7,8
rc,dse,2026-06-09,1,1,1
rc,dse,2026-06-11,22,15,18
rc,dse,2026-06-16,77,51,59
rc,dse,2026-06-17,131,86,96
rc,dse,2026-06-18,857,243,254
rc,dse,2026-06-19,171,24,149
rc,dse,2026-06-20,222,27,186
rc,dse,2026-06-21,101,32,51
rc,dse,2026-06-22,165,105,138
rc,dse,2026-06-23,344,1,344
rc,dse,2026-06-24,338,1,338
rc,dse,2026-06-25,151,1,151
rc,dse,2026-06-26,283,1,283
rc,dse,2026-06-27,16,1,16
rc,dse,2026-06-28,92,1,92
rc,dse,2026-06-29,74,1,74
rc,dse,2026-06-30,302,1,302
rc,dse,2026-07-01,227,1,227
rc,dse,2026-07-02,76,1,76
rc,dse,2026-07-03,34,1,34
rc,dse,2026-07-04,108,1,108
rc,dse,2026-07-05,206,1,206
rc,dse,2026-07-06,61,1,61
rc,dse,2026-07-07,370,1,370
rc,dse,2026-07-08,146,1,146
rc,dse,2026-07-09,81,1,80
rc,dse,2026-07-11,47,1,47
rc,dse,2026-07-12,150,1,149
rc,dse,2026-07-13,309,1,308
rc,dse,2026-07-14,98,1,98
rc,dse,2026-08-27,1,1,1
rc,dse,2026-08-29,1,1,1
rc,dse,2026-09-01,2,1,1
rc,dse,2026-09-04,11,1,3
rc,dse,2026-09-05,14,3,3
rc,dse,2026-09-06,4,2,1
rc,dse,2026-09-07,2,1,1
rc,dse,2026-09-08,8,1,1
rc,dse,2026-09-10,36,1,9
rc,dse,2026-09-11,12,1,4
rc,dse,2026-09-13,60,1,4
rc,dse,2026-09-14,10,1,3
rc,fractal,2004-01-01,4,1,1
rc,fractal,2004-01-02,7,2,3
rc,fractal,2004-01-03,3,3,2
rc,fractal,2004-01-04,3,3,3
rc,fractal,2004-01-05,3,3,2
rc,fractal,2004-01-06,1,1,1
rc,fractal,2004-01-07,4,3,1
rc,fractal,2004-01-08,10,7,1
rc,fractal,2004-01-09,3,3,2
rc,fractal,2004-01-11,1,1,1
rc,fractal,2004-01-13,37,1,20
rc,fractal,2004-01-14,17,2,5
rc,fractal,2004-01-15,6,2,2
rc,fractal,2004-01-16,5,3,3
rc,fractal,2004-01-17,31,1,7
rc,fractal,2004-01-18,24,2,8
rc,fractal,2004-01-19,44,6,14
rc,fractal,2004-01-20,5,2,2
rc,fractal,2004-01-21,13,2,4
rc,fractal,2004-01-23,2,2,1
rc,fractal,2004-01-24,48,3,7
rc,fractal,2004-01-25,1,1,1
rc,fractal,2004-01-26,2,1,1
rc,fractal,2004-01-27,1,1,1
rc,fractal,2004-01-28,3,3,2
rc,fractal,2004-01-29,2,1,1
rc,fractal,2004-01-30,4,3,3
rc,fractal,2004-01-31,56,2,5
rc,fractal,2004-02-01,3,1,1
rc,fractal,2004-02-02,3,3,1
rc,fractal,2004-02-03,8,3,2
rc,fractal,2004-02-04,9,5,1
rc,fractal,2004-02-05,17,7,3
rc,fractal,2004-02-06,11,8,2
rc,fractal,2004-02-08,7,2,3
rc,fractal,2004-02-09,3,2,1
rc,fractal,2004-02-10,1,1,1
rc,fractal,2004-02-14,1,1,1
rc,fractal,2004-02-16,1,1,1
rc,fractal,2004-02-17,1,1,1
rc,fractal,2004-02-18,1,1,1
rc,fractal,2004-02-24,4,1,3
rc,fractal,2004-02-27,75,2,16
rc,fractal,2004-02-28,51,3,20
rc,fractal,2004-02-29,13,5,8
rc,fractal,2004-03-01,27,8,14
rc,fractal,2004-03-02,11,6,2
rc,fractal,2004-03-03,13,10,3
rc,fractal,2004-03-04,29,14,6
rc,fractal,2004-03-05,5,4,2
rc,fractal,2004-03-06,2,2,2
rc,fractal,2004-03-07,4,3,3
rc,fractal,2004-03-08,5,2,3
rc,fractal,2004-03-09,5,3,4
rc,fractal,2004-03-10,4,4,3
rc,fractal,2004-03-12,24,2,3
rc,fractal,2004-03-14,1,1,1
rc,fractal,2004-03-15,2,2,1
rc,fractal,2004-03-16,1,1,1
rc,fractal,2004-03-18,17,2,3
rc,fractal,2004-03-19,86,1,7
rc,fractal,2004-03-20,1,1,1
rc,fractal,2004-03-21,3,1,1
rc,fractal,2004-03-22,1,1,1
rc,fractal,2004-03-23,41,2,21
rc,fractal,2004-03-24,206,4,108
rc,fractal,2004-03-25,327,3,181
rc,fractal,2004-03-26,96,5,54
rc,fractal,2004-03-27,10,3,5
rc,fractal,2004-03-28,2,1,1
rc,fractal,2004-03-29,21,7,6
rc,fractal,2004-03-30,4,4,1
rc,fractal,2004-03-31,7,4,1
rc,fractal,2004-04-01,3,2,1
rc,fractal,2004-04-02,2,2,2
rc,fractal,2004-04-03,4,3,2
rc,fractal,2004-04-04,21,4,4
rc,fractal,2004-04-05,92,9,22
rc,fractal,2004-04-06,62,18,19
rc,fractal,2004-04-07,58,15,20
rc,fractal,2004-04-08,51,23,3
rc,fractal,2004-04-09,6,5,1
rc,fractal,2004-04-10,14,2,8
rc,fractal,2004-04-11,22,3,8
rc,fractal,2004-04-12,6,2,2
rc,fractal,2004-04-13,69,2,18
rc,fractal,2004-04-14,113,6,41
rc,fractal,2004-04-15,1,1,1
rc,fractal,2004-04-16,43,2,21
rc,fractal,2004-04-17,28,2,11
rc,fractal,2004-04-18,4,2,2
rc,fractal,2004-04-20,5,4,1
rc,fractal,2004-04-21,2,2,2
rc,fractal,2004-04-23,10,4,4
rc,fractal,2004-04-25,12,3,4
rc,fractal,2004-04-26,10,5,4
rc,fractal,2004-04-27,1,1,1
rc,fractal,2004-04-28,4,3,3
rc,fractal,2004-04-29,10,3,3
rc,fractal,2004-04-30,52,6,4
rc,fractal,2004-05-01,62,4,4
rc,fractal,2004-05-02,13,1,1
rc,fractal,2004-05-03,13,9,3
rc,fractal,2004-05-04,21,12,3
rc,fractal,2004-05-05,28,18,2
rc,fractal,2004-05-06,20,13,1
rc,fractal,2004-05-07,17,10,2
rc,fractal,2004-05-08,9,6,3
rc,fractal,2004-05-09,1,1,1
rc,fractal,2004-05-10,12,1,6
rc,fractal,2004-05-11,7,3,2
rc,fractal,2004-05-12,1,1,1
rc,fractal,2004-05-13,2,1,1
rc,fractal,2004-05-14,18,2,3
rc,fractal,2004-05-15,1,1,1
rc,fractal,2004-05-18,9,5,4
rc,fractal,2004-05-19,21,6,4
rc,fractal,2004-05-20,38,3,6
rc,fractal,2004-05-21,15,4,7
rc,fractal,2004-05-22,16,2,7
rc,fractal,2004-05-23,21,9,5
rc,fractal,2004-05-24,4,3,1
rc,fractal,2004-05-25,58,4,15
rc,fractal,2004-05-26,38,9,13
rc,fractal,2004-05-27,5,4,1
rc,fractal,2004-05-28,7,4,4
rc,fractal,2004-05-29,4,3,2
rc,fractal,2004-05-31,12,7,5
rc,fractal,2004-06-01,19,13,4
rc,fractal,2004-06-02,24,16,5
rc,fractal,2004-06-03,22,16,5
rc,fractal,2004-06-04,4,4,3
rc,fractal,2004-06-05,6,1,2
rc,fractal,2004-06-06,36,2,10
rc,fractal,2004-06-07,8,5,4
rc,fractal,2004-06-08,4,3,2
rc,fractal,2004-06-09,4,4,2
rc,fractal,2004-06-10,6,5,3
rc,fractal,2004-06-11,2,2,1
rc,fractal,2004-06-12,1,1,1
rc,fractal,2004-06-15,1,1,1
rc,fractal,2004-06-16,3,2,1
rc,fractal,2004-06-18,8,2,4
rc,fractal,2004-06-21,2,1,1
rc,fractal,2004-06-22,1,1,1
rc,fractal,2004-06-23,1,1,1
rc,fractal,2004-06-24,3,2,3
rc,fractal,2004-06-25,2,2,1
rc,fractal,2004-06-27,2,1,1
rc,fractal,2004-06-28,1,1,1
rc,fractal,2004-06-29,6,5,2
rc,fractal,2004-06-30,4,4,2
rc,fractal,2004-07-01,3,2,2
rc,fractal,2004-07-02,1,1,1
rc,fractal,2004-07-03,5,3,3
rc,fractal,2004-07-04,1,1,1
rc,fractal,2004-07-05,6,6,1
rc,fractal,2004-07-06,11,8,2
rc,fractal,2004-07-07,13,12,1
rc,fractal,2004-07-08,16,11,2
rc,fractal,2004-07-09,3,3,3
rc,fractal,2004-07-10,3,2,2
rc,fractal,2004-07-11,2,2,2
rc,fractal,2004-07-12,3,2,3
rc,fractal,2004-07-13,8,4,2
rc,fractal,2004-07-14,5,4,3
rc,fractal,2004-07-15,10,5,3
rc,fractal,2004-07-16,7,4,3
rc,fractal,2004-07-17,4,2,2
rc,fractal,2004-07-20,12,2,6
rc,fractal,2004-07-21,3,2,2
rc,fractal,2004-07-22,13,4,5
rc,fractal,2004-07-23,2,1,2
rc,fractal,2004-07-24,1,1,1
rc,fractal,2004-07-25,5,1,4
rc,fractal,2004-07-26,44,6,11
rc,fractal,2004-07-27,14,5,8
rc,fractal,2004-07-28,29,6,7
rc,fractal,2004-07-29,2,2,1
rc,fractal,2004-07-30,25,1,8
rc,fractal,2004-07-31,14,2,8
rc,fractal,2004-08-01,22,5,13
rc,fractal,2004-08-02,16,11,4
rc,fractal,2004-08-03,19,13,4
rc,fractal,2004-08-04,27,14,7
rc,fractal,2004-08-05,29,23,4
rc,fractal,2004-08-06,9,2,6
rc,fractal,2004-08-07,1,1,1
rc,fractal,2004-08-08,6,1,5
rc,fractal,2004-08-09,113,2,45
rc,fractal,2004-08-10,27,2,16
rc,fractal,2004-08-11,17,1,7
rc,fractal,2004-08-12,8,2,5
rc,fractal,2004-08-15,5,2,3
rc,fractal,2004-08-16,9,1,1
rc,fractal,2004-08-17,20,1,13
rc,fractal,2004-08-18,2,1,2
rc,fractal,2004-08-20,24,2,10
rc,fractal,2004-08-21,6,1,3
rc,fractal,2004-08-24,1,1,1
rc,fractal,2004-08-25,3,2,3
rc,fractal,2004-08-26,12,4,4
rc,fractal,2004-08-27,14,10,1
rc,fractal,2004-08-28,2,2,1
rc,fractal,2004-08-29,2,2,1
rc,fractal,2004-08-30,11,10,3
rc,fractal,2004-08-31,18,17,1
rc,fractal,2004-09-01,26,17,6
rc,fractal,2004-09-02,27,18,3
rc,fractal,2004-09-03,2,2,2
rc,fractal,2004-09-04,21,4,10
rc,fractal,2004-09-05,17,4,2
rc,fractal,2004-09-06,3,1,1
rc,fractal,2004-09-07,5,3,2
rc,fractal,2004-09-08,6,4,4
rc,fractal,2004-09-09,7,5,4
rc,fractal,2004-09-10,3,1,3
rc,fractal,2004-09-11,3,2,1
rc,fractal,2004-09-12,41,2,17
rc,fractal,2004-09-13,48,2,27
rc,fractal,2004-09-14,2,1,1
rc,fractal,2004-09-15,5,3,3
rc,fractal,2004-09-16,4,3,3
rc,fractal,2004-09-17,41,7,11
rc,fractal,2004-09-18,15,8,2
rc,fractal,2004-09-19,11,6,3
rc,fractal,2004-09-20,42,1,15
rc,fractal,2004-09-21,16,8,10
rc,fractal,2004-09-22,19,8,10
rc,fractal,2004-09-23,6,1,5
rc,fractal,2004-09-24,58,4,19
rc,fractal,2004-09-25,29,2,22
rc,fractal,2004-09-26,21,2,15
rc,fractal,2004-09-27,1,1,1
rc,fractal,2004-09-28,13,1,9
rc,fractal,2004-09-29,15,5,9
rc,fractal,2004-09-30,27,6,14
rc,fractal,2004-10-01,61,15,26
rc,fractal,2004-10-02,14,7,11
rc,fractal,2004-10-03,3,2,2
rc,fractal,2004-10-04,13,8,2
rc,fractal,2004-10-05,10,9,1
rc,fractal,2004-10-06,18,13,2
rc,fractal,2004-10-07,23,12,3
rc,fractal,2004-10-08,3,2,1
rc,fractal,2004-10-09,25,1,17
rc,fractal,2004-10-10,8,1,3
rc,fractal,2004-10-11,4,1,3
rc,fractal,2004-10-13,5,3,5
rc,fractal,2004-10-14,15,3,8
rc,fractal,2004-10-16,8,2,6
rc,fractal,2004-10-17,1,1,1
rc,fractal,2004-10-18,2,1,1
rc,fractal,2004-10-19,1,1,1
rc,fractal,2004-10-20,17,1,2
rc,fractal,2004-10-21,14,2,2
rc,fractal,2004-10-23,11,2,4
rc,fractal,2004-10-24,4,1,1
rc,fractal,2004-10-25,11,1,5
rc,fractal,2004-10-26,10,3,8
rc,fractal,2004-10-27,16,9,6
rc,fractal,2004-10-28,9,6,2
rc,fractal,2004-10-29,3,2,2
rc,fractal,2004-10-30,2,2,1
rc,fractal,2004-10-31,4,4,1
rc,fractal,2004-11-01,3,2,1
rc,fractal,2004-11-02,18,9,2
rc,fractal,2004-11-03,11,9,1
rc,fractal,2004-11-04,1,1,1
rc,fractal,2004-11-05,2,2,1
rc,fractal,2004-11-06,4,3,3
rc,fractal,2004-11-07,12,6,4
rc,fractal,2004-11-08,8,3,6
rc,fractal,2004-11-09,15,4,14
rc,fractal,2004-11-10,9,1,7
rc,fractal,2004-11-11,2,2,2
rc,fractal,2004-11-12,3,2,2
rc,fractal,2004-11-14,2,1,1
rc,fractal,2004-11-15,1,1,1
rc,fractal,2004-11-16,2,1,1
rc,fractal,2004-11-17,8,6,6
rc,fractal,2004-11-18,9,4,4
rc,fractal,2004-11-19,2,2,2
rc,fractal,2004-11-20,3,1,2
rc,fractal,2004-11-21,11,3,7
rc,fractal,2004-11-22,4,2,3
rc,fractal,2004-11-23,2,2,1
rc,fractal,2004-11-24,31,8,15
rc,fractal,2004-11-25,1,1,1
rc,fractal,2004-11-26,20,3,9
rc,fractal,2004-11-27,17,3,12
rc,fractal,2004-11-28,30,10,7
rc,fractal,2004-11-29,40,20,3
rc,fractal,2004-11-30,8,6,1
rc,fractal,2004-12-01,43,13,7
rc,fractal,2004-12-02,14,10,1
rc,fractal,2004-12-03,1,1,1
rc,fractal,2004-12-05,1,1,1
rc,fractal,2004-12-08,3,3,3
rc,fractal,2004-12-10,1,1,1
rc,fractal,2004-12-13,2,2,1
rc,fractal,2004-12-14,2,1,2
rc,fractal,2004-12-15,3,2,2
rc,fractal,2004-12-16,2,2,2
rc,fractal,2004-12-18,1,1,1
rc,fractal,2004-12-20,4,2,2
rc,fractal,2004-12-21,1,1,1
rc,fractal,2004-12-22,4,4,1
rc,fractal,2004-12-23,4,4,3
rc,fractal,2004-12-25,1,1,1
rc,fractal,2004-12-26,1,1,1
rc,fractal,2004-12-27,5,3,1
rc,fractal,2004-12-28,19,8,8
rc,fractal,2004-12-29,8,7,2
rc,fractal,2004-12-30,8,7,3
rc,fractal,2004-12-31,4,3,2
rc,fractal,2005-01-01,7,7,1
rc,fractal,2005-01-02,3,3,2
rc,fractal,2005-01-03,13,9,2
rc,fractal,2005-01-04,13,10,2
rc,fractal,2005-01-05,18,14,5
rc,fractal,2005-01-06,13,10,2
rc,fractal,2005-01-07,9,6,2
rc,fractal,2005-01-08,3,3,2
rc,fractal,2005-01-09,1,1,1
rc,fractal,2005-01-10,2,1,1
rc,fractal,2005-01-11,1,1,1
rc,fractal,2005-01-12,2,1,1
rc,fractal,2005-01-13,1,1,1
rc,fractal,2005-01-17,2,2,2
rc,fractal,2005-01-18,2,2,1
rc,fractal,2005-01-22,15,2,4
rc,fractal,2005-01-23,1,1,1
rc,fractal,2005-01-24,4,3,3
rc,fractal,2005-01-25,5,5,2
rc,fractal,2005-01-26,9,5,2
rc,fractal,2005-01-27,12,9,2
rc,fractal,2005-01-28,1,1,1
rc,fractal,2005-01-29,4,2,2
rc,fractal,2005-01-30,2,1,1
rc,fractal,2005-01-31,12,6,3
rc,fractal,2005-02-01,9,8,4
rc,fractal,2005-02-02,20,13,2
rc,fractal,2005-02-03,74,8,3
rc,fractal,2005-02-04,10,5,2
rc,fractal,2005-02-05,2,1,1
rc,fractal,2005-02-07,3,1,1
rc,fractal,2005-02-08,2,2,2
rc,fractal,2005-02-16,1,1,1
rc,fractal,2005-02-17,3,1,1
rc,fractal,2005-02-18,3,3,3
rc,fractal,2005-02-19,16,3,9
rc,fractal,2005-02-20,1,1,1
rc,fractal,2005-02-22,5,2,2
rc,fractal,2005-02-23,31,14,5
rc,fractal,2005-02-24,9,6,3
rc,fractal,2005-02-25,2,1,1
rc,fractal,2005-02-27,4,3,2
rc,fractal,2005-02-28,11,10,1
rc,fractal,2005-03-01,5,5,1
rc,fractal,2005-03-02,15,11,2
rc,fractal,2005-03-03,12,10,2
rc,fractal,2005-03-04,2,2,1
rc,fractal,2005-03-05,1,1,1
rc,fractal,2005-03-07,1,1,1
rc,fractal,2005-03-09,11,2,10
rc,fractal,2005-03-11,7,1,7
rc,fractal,2005-03-15,3,3,2
rc,fractal,2005-03-16,1,1,1
rc,fractal,2005-03-17,1,1,1
rc,fractal,2005-03-19,2,1,2
rc,fractal,2005-03-20,1,1,1
rc,fractal,2005-03-23,1,1,1
rc,fractal,2005-03-26,2,1,1
rc,fractal,2005-03-27,7,2,6
rc,fractal,2005-03-29,2,1,1
rc,fractal,2005-03-30,10,4,5
rc,fractal,2005-03-31,29,22,5
rc,fractal,2005-04-01,11,11,2
rc,fractal,2005-04-02,4,4,2
rc,fractal,2005-04-03,7,6,2
rc,fractal,2005-04-04,4,4,1
rc,fractal,2005-04-05,15,12,1
rc,fractal,2005-04-06,13,12,1
rc,fractal,2005-04-07,15,11,2
rc,fractal,2005-04-08,3,2,1
rc,fractal,2005-04-09,1,1,1
rc,fractal,2005-04-11,2,2,1
rc,fractal,2005-04-12,5,3,2
rc,fractal,2005-04-14,2,2,2
rc,fractal,2005-04-15,8,7,2
rc,fractal,2005-04-16,1,1,1
rc,fractal,2005-04-17,1,1,1
rc,fractal,2005-04-18,19,10,2
rc,fractal,2005-04-19,14,10,2
rc,fractal,2005-04-20,5,4,2
rc,fractal,2005-04-21,10,8,1
rc,fractal,2005-04-22,4,3,1
rc,fractal,2005-04-23,3,3,2
rc,fractal,2005-04-24,8,4,1
rc,fractal,2005-04-25,6,6,2
rc,fractal,2005-04-26,16,8,1
rc,fractal,2005-04-27,5,5,1
rc,fractal,2005-04-28,5,3,1
rc,fractal,2005-04-29,2,1,1
rc,fractal,2005-04-30,1,1,1
rc,fractal,2005-05-02,12,9,1
rc,fractal,2005-05-03,12,8,2
rc,fractal,2005-05-04,5,5,1
rc,fractal,2005-05-05,11,11,2
rc,fractal,2005-05-06,5,4,1
rc,fractal,2005-05-07,9,1,3
rc,fractal,2005-05-08,7,3,1
rc,fractal,2005-05-09,16,10,2
rc,fractal,2005-05-10,6,4,3
rc,fractal,2005-05-11,34,6,11
rc,fractal,2005-05-12,35,9,8
rc,fractal,2005-05-13,2,1,1
rc,fractal,2005-05-14,2,2,1
rc,fractal,2005-05-17,8,2,2
rc,fractal,2005-05-18,58,2,15
rc,fractal,2005-05-19,8,1,2
rc,fractal,2005-05-20,1,1,1
rc,fractal,2005-05-23,17,2,3
rc,fractal,2005-05-24,31,1,11
rc,fractal,2005-05-25,6,3,4
rc,fractal,2005-05-28,4,1,2
rc,fractal,2005-05-31,1,1,1
rc,fractal,2005-06-05,1,1,1
rc,fractal,2005-06-08,1,1,1
rc,fractal,2005-06-09,1,1,1
rc,fractal,2005-06-11,1,1,1
rc,fractal,2005-06-20,1,1,1
rc,fractal,2005-06-22,4,1,1
rc,fractal,2005-06-24,1,1,1
rc,fractal,2005-07-11,1,1,1
rc,fractal,2005-07-12,2,2,1
rc,fractal,2005-08-04,3,1,3
rc,fractal,2005-08-16,1,1,1
rc,fractal,2005-08-29,1,1,1
rc,fractal,2005-08-31,2,1,2
rc,fractal,2005-09-01,1,1,1
rc,fractal,2005-09-02,1,1,1
rc,fractal,2005-09-04,1,1,1
rc,fractal,2005-09-05,1,1,1
rc,fractal,2005-09-06,1,1,1
rc,fractal,2005-09-09,1,1,1
rc,fractal,2005-09-11,1,1,1
rc,fractal,2005-09-13,1,1,1
rc,fractal,2005-09-14,1,1,1
rc,fractal,2005-09-20,1,1,1
rc,fractal,2005-09-21,1,1,1
rc,fractal,2005-09-23,1,1,1
rc,fractal,2005-09-27,1,1,1
rc,fractal,2005-10-09,1,1,1
rc,fractal,2005-10-12,4,1,1
rc,fractal,2005-10-13,1,1,1
rc,fractal,2005-10-15,2,1,2
rc,fractal,2005-10-18,9,1,1
rc,fractal,2005-11-04,1,1,1
rc,fractal,2005-11-06,1,1,1
rc,fractal,2005-11-09,1,1,1
rc,fractal,2005-11-10,1,1,1
rc,fractal,2005-11-11,2,1,1
rc,fractal,2005-11-18,1,1,1
rc,fractal,2005-11-22,1,1,1
rc,fractal,2005-11-24,1,1,1
rc,fractal,2005-12-03,4,1,1
rc,fractal,2005-12-07,1,1,1
rc,fractal,2005-12-13,1,1,1
rc,fractal,2005-12-16,2,1,2
rc,fractal,2006-01-03,4,1,1
rc,fractal,2006-01-07,1,1,1
rc,fractal,2006-01-08,1,1,1
rc,fractal,2006-01-15,1,1,1
rc,fractal,2006-01-17,1,1,1
rc,fractal,2006-01-23,1,1,1
rc,fractal,2006-01-25,3,1,1
rc,fractal,2006-02-01,1,1,1
rc,fractal,2006-02-07,1,1,1
rc,fractal,2006-02-09,1,1,1
rc,fractal,2006-02-21,1,1,1
rc,fractal,2006-02-25,1,1,1
rc,fractal,2006-02-26,4,1,3
rc,fractal,2006-03-04,1,1,1
rc,fractal,2006-03-08,1,1,1
rc,fractal,2006-03-09,1,1,1
rc,fractal,2006-03-10,1,1,1
rc,fractal,2006-03-11,3,2,3
rc,fractal,2006-03-16,1,1,1
rc,fractal,2006-03-20,1,1,1
rc,fractal,2006-03-24,1,1,1
rc,fractal,2006-03-25,6,6,6
rc,fractal,2006-03-26,5,4,5
rc,fractal,2006-03-27,8,7,6
rc,fractal,2006-03-28,9,8,6
rc,fractal,2006-04-01,1,1,1
rc,fractal,2006-04-02,1,1,1
rc,fractal,2006-04-03,3,1,1
rc,fractal,2006-04-04,1,1,1
rc,fractal,2006-04-05,4,1,1
rc,fractal,2006-04-07,3,2,2
rc,fractal,2006-04-09,79,1,43
rc,fractal,2006-04-10,30,1,22
rc,fractal,2006-04-14,3,1,3
rc,fractal,2006-04-15,21,1,13
rc,fractal,2006-04-16,8,1,5
rc,fractal,2006-04-17,33,1,17
rc,fractal,2006-04-19,3,1,3
rc,fractal,2006-04-20,5,1,4
rc,fractal,2006-04-23,11,2,5
rc,fractal,2006-04-24,5,2,5
rc,fractal,2006-04-25,25,2,18
rc,fractal,2006-04-26,72,3,47
rc,fractal,2006-04-27,30,4,11
rc,fractal,2006-04-28,34,4,25
rc,fractal,2006-04-29,10,1,7
rc,fractal,2006-05-01,12,1,11
rc,fractal,2006-05-03,4,1,3
rc,fractal,2006-05-04,25,1,14
rc,fractal,2006-05-05,17,2,11
rc,fractal,2006-05-06,6,2,5
rc,fractal,2006-05-07,6,1,4
rc,fractal,2006-05-08,38,1,33
rc,fractal,2006-05-09,65,2,41
rc,fractal,2006-05-10,14,1,9
rc,fractal,2006-05-11,173,2,86
rc,fractal,2006-05-12,34,6,16
rc,fractal,2006-05-13,57,5,40
rc,fractal,2006-05-14,11,3,8
rc,fractal,2006-05-15,38,2,27
rc,fractal,2006-05-16,9,1,8
rc,fractal,2006-05-17,3,2,2
rc,fractal,2006-05-18,57,1,43
rc,fractal,2006-05-19,42,3,20
rc,fractal,2006-05-20,9,1,7
rc,fractal,2006-05-21,1,1,1
rc,fractal,2006-05-22,10,2,3
rc,fractal,2006-05-23,57,4,27
rc,fractal,2006-05-24,9,4,8
rc,fractal,2006-05-25,2,1,2
rc,fractal,2006-05-26,15,1,10
rc,fractal,2006-05-27,2,2,2
rc,fractal,2006-05-28,14,1,7
rc,fractal,2006-05-29,12,1,5
rc,fractal,2006-05-30,4,2,3
rc,fractal,2006-05-31,14,2,6
rc,fractal,2006-06-03,37,3,29
rc,fractal,2006-06-04,38,3,31
rc,fractal,2006-06-06,5,1,5
rc,fractal,2006-06-07,4,1,3
rc,fractal,2006-06-08,11,1,7
rc,fractal,2006-06-11,9,1,9
rc,fractal,2006-06-15,5,1,2
rc,fractal,2006-06-16,4,2,2
rc,fractal,2006-06-20,2,1,1
rc,fractal,2006-06-23,6,1,5
rc,fractal,2006-06-24,14,1,8
rc,fractal,2006-06-29,110,3,25
rc,fractal,2006-07-01,1,1,1
rc,fractal,2006-07-02,24,2,8
rc,fractal,2006-07-03,10,1,5
rc,fractal,2006-07-04,5,1,1
rc,fractal,2006-07-05,3,1,1
rc,fractal,2006-07-06,11,1,3
rc,fractal,2006-07-07,9,2,4
rc,fractal,2006-07-08,41,1,22
rc,fractal,2006-07-11,7,3,2
rc,fractal,2006-07-15,9,3,6
rc,fractal,2006-07-16,67,1,20
rc,fractal,2006-07-17,38,2,10
rc,fractal,2006-07-18,1,1,1
rc,fractal,2006-07-19,3,1,1
rc,fractal,2006-07-21,9,1,6
rc,fractal,2006-07-22,1,1,1
rc,fractal,2006-07-24,2,1,1
rc,fractal,2006-07-26,2,1,2
rc,fractal,2006-07-28,4,1,4
rc,fractal,2006-08-01,5,1,2
rc,fractal,2006-08-02,5,2,4
rc,fractal,2006-08-03,4,1,3
rc,fractal,2006-08-04,34,3,9
rc,fractal,2006-08-05,2,1,2
rc,fractal,2006-08-06,6,1,1
rc,fractal,2006-08-07,62,3,14
rc,fractal,2006-08-08,27,2,11
rc,fractal,2006-08-09,141,4,41
rc,fractal,2006-08-10,21,1,15
rc,fractal,2006-08-15,18,2,6
rc,fractal,2006-08-16,15,2,10
rc,fractal,2006-08-17,26,2,10
rc,fractal,2006-08-18,21,6,9
rc,fractal,2006-08-19,13,1,6
rc,fractal,2006-08-20,43,2,24
rc,fractal,2006-08-21,10,3,5
rc,fractal,2006-08-22,9,3,4
rc,fractal,2006-08-23,5,2,2
rc,fractal,2006-08-24,22,3,8
rc,fractal,2006-08-25,20,2,8
rc,fractal,2006-08-26,21,3,6
rc,fractal,2006-08-27,20,3,7
rc,fractal,2006-08-28,15,3,6
rc,fractal,2006-08-29,7,1,4
rc,fractal,2006-08-30,3,2,2
rc,fractal,2006-08-31,3,1,2
rc,fractal,2006-09-02,4,2,3
rc,fractal,2006-09-03,2,1,1
rc,fractal,2006-09-05,5,2,1
rc,fractal,2006-09-06,14,3,8
rc,fractal,2006-09-07,16,2,7
rc,fractal,2006-09-08,5,1,4
rc,fractal,2006-09-09,1,1,1
rc,fractal,2006-09-16,1,1,1
rc,fractal,2006-09-18,12,1,8
rc,fractal,2006-09-22,2,1,1
rc,fractal,2006-09-23,11,1,9
rc,fractal,2006-09-25,9,2,6
rc,fractal,2006-09-26,11,2,8
rc,fractal,2006-09-27,1,1,1
rc,fractal,2006-09-28,1,1,1
rc,fractal,2006-09-29,5,2,5
rc,fractal,2006-09-30,16,2,5
rc,fractal,2006-10-01,10,4,6
rc,fractal,2006-10-02,61,3,30
rc,fractal,2006-10-03,83,2,20
rc,fractal,2006-10-04,7,1,2
rc,fractal,2006-10-05,4,3,3
rc,fractal,2006-10-06,2,1,1
rc,fractal,2006-10-07,8,2,3
rc,fractal,2006-10-08,1,1,1
rc,fractal,2006-10-09,9,2,3
rc,fractal,2006-10-10,9,3,4
rc,fractal,2006-10-11,33,3,11
rc,fractal,2006-10-12,46,4,16
rc,fractal,2006-10-13,11,6,3
rc,fractal,2006-10-14,18,1,12
rc,fractal,2006-10-15,18,2,13
rc,fractal,2006-10-16,7,3,6
rc,fractal,2006-10-17,17,2,12
rc,fractal,2006-10-18,7,3,5
rc,fractal,2006-10-20,13,1,3
rc,fractal,2006-10-21,1,1,1
rc,fractal,2006-10-22,2,1,1
rc,fractal,2006-10-23,32,2,5
rc,fractal,2006-10-24,5,1,1
rc,fractal,2006-10-25,3,1,1
rc,fractal,2006-10-26,3,1,2
rc,fractal,2006-10-27,5,2,3
rc,fractal,2006-10-28,3,3,3
rc,fractal,2006-10-29,9,2,5
rc,fractal,2006-10-30,1,1,1
rc,fractal,2006-11-01,1,1,1
rc,fractal,2006-11-04,1,1,1
rc,fractal,2006-11-05,8,3,4
rc,fractal,2006-11-07,11,2,11
rc,fractal,2006-11-08,2,2,2
rc,fractal,2006-11-09,1,1,1
rc,fractal,2006-11-10,3,1,2
rc,fractal,2006-11-11,2,1,1
rc,fractal,2006-11-13,12,5,7
rc,fractal,2006-11-14,19,1,8
rc,fractal,2006-11-15,2,2,2
rc,fractal,2006-11-16,6,1,2
rc,fractal,2006-11-17,3,2,2
rc,fractal,2006-11-20,1,1,1
rc,fractal,2006-11-22,3,1,1
rc,fractal,2006-11-23,7,4,5
rc,fractal,2006-11-24,6,3,4
rc,fractal,2006-11-25,1,1,1
rc,fractal,2006-11-26,3,2,2
rc,fractal,2006-11-29,1,1,1
rc,fractal,2006-11-30,2,1,1
rc,fractal,2006-12-01,1,1,1
rc,fractal,2006-12-02,1,1,1
rc,fractal,2006-12-05,12,3,5
rc,fractal,2006-12-07,5,4,4
rc,fractal,2006-12-08,1,1,1
rc,fractal,2006-12-09,3,2,2
rc,fractal,2006-12-11,1,1,1
rc,fractal,2006-12-13,1,1,1
rc,fractal,2006-12-15,1,1,1
rc,fractal,2006-12-16,1,1,1
rc,fractal,2006-12-17,7,1,5
rc,fractal,2006-12-18,3,2,3
rc,fractal,2006-12-19,5,3,3
rc,fractal,2006-12-20,4,1,2
rc,fractal,2006-12-26,1,1,1
rc,fractal,2006-12-27,1,1,1
rc,fractal,2006-12-28,4,2,3
rc,fractal,2006-12-29,1,1,1
rc,fractal,2006-12-31,1,1,1
rc,fractal,2007-01-04,1,1,1
rc,fractal,2007-01-05,1,1,1
rc,fractal,2007-01-06,17,2,5
rc,fractal,2007-01-07,3,1,2
rc,fractal,2007-01-09,6,2,3
rc,fractal,2007-01-10,3,3,2
rc,fractal,2007-01-11,1,1,1
rc,fractal,2007-01-12,2,1,1
rc,fractal,2007-01-13,3,2,3
rc,fractal,2007-01-14,2,2,2
rc,fractal,2007-01-15,8,4,5
rc,fractal,2007-01-16,3,2,2
rc,fractal,2007-01-17,6,3,4
rc,fractal,2007-01-18,3,3,3
rc,fractal,2007-01-19,3,3,3
rc,fractal,2007-01-20,3,2,2
rc,fractal,2007-01-23,1,1,1
rc,fractal,2007-01-24,3,2,3
rc,fractal,2007-01-26,11,4,5
rc,fractal,2007-01-27,1,1,1
rc,fractal,2007-01-28,2,2,2
rc,fractal,2007-01-29,3,3,3
rc,fractal,2007-01-31,2,1,2
rc,fractal,2007-02-01,5,3,4
rc,fractal,2007-02-02,9,6,5
rc,fractal,2007-02-04,2,2,2
rc,fractal,2007-02-05,2,1,2
rc,fractal,2007-02-06,1,1,1
rc,fractal,2007-02-07,42,4,12
rc,fractal,2007-02-08,3,1,1
rc,fractal,2007-02-09,12,3,3
rc,fractal,2007-02-10,10,3,4
rc,fractal,2007-02-11,8,3,4
rc,fractal,2007-02-13,12,4,4
rc,fractal,2007-02-14,7,2,3
rc,fractal,2007-02-15,1,1,1
rc,fractal,2007-02-21,2,2,2
rc,fractal,2007-02-24,1,1,1
rc,fractal,2007-02-28,5,1,1
rc,fractal,2007-03-01,2,1,1
rc,fractal,2007-03-03,1,1,1
rc,fractal,2007-03-04,6,4,4
rc,fractal,2007-03-06,2,2,2
rc,fractal,2007-03-07,2,1,2
rc,fractal,2007-03-09,1,1,1
rc,fractal,2007-03-10,4,2,2
rc,fractal,2007-03-11,6,4,5
rc,fractal,2007-03-12,8,4,5
rc,fractal,2007-03-13,2,1,1
rc,fractal,2007-03-14,1,1,1
rc,fractal,2007-03-15,1,1,1
rc,fractal,2007-03-17,1,1,1
rc,fractal,2007-03-20,3,1,2
rc,fractal,2007-03-21,2,2,2
rc,fractal,2007-03-22,3,3,3
rc,fractal,2007-03-23,7,2,4
rc,fractal,2007-03-24,1,1,1
rc,fractal,2007-03-25,1,1,1
rc,fractal,2007-03-26,6,3,3
rc,fractal,2007-03-27,3,2,2
rc,fractal,2007-03-28,6,4,3
rc,fractal,2007-03-29,3,2,3
rc,fractal,2007-03-30,1,1,1
rc,fractal,2007-04-02,1,1,1
rc,fractal,2007-04-03,2,1,1
rc,fractal,2007-04-04,1,1,1
rc,fractal,2007-04-07,1,1,1
rc,fractal,2007-04-11,1,1,1
rc,fractal,2007-04-13,3,1,3
rc,fractal,2007-04-25,1,1,1
rc,fractal,2007-04-27,1,1,1
rc,fractal,2007-05-01,1,1,1
rc,fractal,2007-05-10,1,1,1
rc,fractal,2007-05-11,2,2,2
rc,fractal,2007-05-13,2,1,2
rc,fractal,2007-05-14,3,2,2
rc,fractal,2007-05-15,5,3,4
rc,fractal,2007-05-17,2,1,1
rc,fractal,2007-05-18,2,1,1
rc,fractal,2007-05-19,1,1,1
rc,fractal,2007-05-21,1,1,1
rc,fractal,2007-05-22,1,1,1
rc,fractal,2007-05-25,2,1,2
rc,fractal,2007-05-27,1,1,1
rc,fractal,2007-05-30,1,1,1
rc,fractal,2007-06-04,2,1,1
rc,fractal,2007-06-05,3,2,2
rc,fractal,2007-06-06,14,2,3
rc,fractal,2007-06-07,4,2,2
rc,fractal,2007-06-10,2,1,1
rc,fractal,2007-06-11,5,2,5
rc,fractal,2007-06-12,1,1,1
rc,fractal,2007-06-18,1,1,1
rc,fractal,2007-06-19,1,1,1
rc,fractal,2007-06-26,1,1,1
rc,fractal,2007-06-28,3,2,2
rc,fractal,2007-06-29,3,1,1
rc,fractal,2007-07-02,1,1,1
rc,fractal,2007-07-04,9,2,4
rc,fractal,2007-07-05,3,2,1
rc,fractal,2007-07-06,6,1,1
rc,fractal,2007-07-12,10,2,2
rc,fractal,2007-07-13,3,1,1
rc,fractal,2007-07-14,2,1,1
rc,fractal,2007-07-16,1,1,1
rc,fractal,2007-07-17,11,4,3
rc,fractal,2007-07-18,2,1,1
rc,fractal,2007-07-19,2,2,2
rc,fractal,2007-07-20,6,2,2
rc,fractal,2007-07-22,1,1,1
rc,fractal,2007-07-28,5,2,3
rc,fractal,2007-08-08,2,1,1
rc,fractal,2007-08-10,3,1,1
rc,fractal,2007-08-11,2,1,1
rc,fractal,2007-08-28,3,2,1
rc,fractal,2007-09-20,1,1,1
rc,fractal,2007-09-22,1,1,1
rc,fractal,2007-09-25,16,1,2
rc,fractal,2007-09-30,1,1,1
rc,fractal,2007-10-05,1,1,1
rc,fractal,2007-10-15,1,1,1
rc,fractal,2007-10-18,2,2,2
rc,fractal,2007-10-19,1,1,1
rc,fractal,2007-10-26,2,1,1
rc,fractal,2007-10-28,20,1,9
rc,fractal,2007-11-09,10,1,4
rc,fractal,2007-11-10,55,1,12
rc,fractal,2007-11-13,7,1,2
rc,fractal,2007-11-14,7,1,6
rc,fractal,2007-11-15,1,1,1
rc,fractal,2007-11-16,6,1,2
rc,fractal,2007-11-18,2,1,2
rc,fractal,2007-12-05,6,1,5
rc,fractal,2007-12-10,1,1,1
rc,fractal,2007-12-11,19,1,3
rc,fractal,2008-01-16,2,1,2
rc,fractal,2008-01-17,12,2,7
rc,fractal,2008-01-20,1,1,1
rc,fractal,2008-01-22,2,1,1
rc,fractal,2008-01-23,1,1,1
rc,fractal,2008-01-25,1,1,1
rc,fractal,2008-01-27,1,1,1
rc,fractal,2008-01-31,15,2,3
rc,fractal,2008-02-13,1,1,1
rc,fractal,2008-02-17,1,1,1
rc,fractal,2008-02-20,2,1,2
rc,fractal,2008-03-19,1,1,1
rc,fractal,2008-05-03,1,1,1
rc,fractal,2008-05-09,2,1,1
rc,fractal,2008-05-27,1,1,1
rc,fractal,2008-05-28,1,1,1
rc,fractal,2008-05-29,1,1,1
rc,fractal,2008-05-30,1,1,1
rc,fractal,2008-05-31,1,1,1
rc,fractal,2008-06-04,8,2,2
rc,fractal,2008-06-07,1,1,1
rc,fractal,2008-06-15,1,1,1
rc,fractal,2008-06-21,2,1,1
rc,fractal,2008-07-10,2,1,2
rc,fractal,2008-07-20,1,1,1
rc,fractal,2008-07-24,1,1,1
rc,fractal,2008-07-25,1,1,1
rc,fractal,2008-08-04,8,1,1
rc,fractal,2008-08-09,3,1,1
rc,fractal,2008-08-19,6,2,3
rc,fractal,2008-09-15,1,1,1
rc,fractal,2008-10-04,2,1,1
rc,fractal,2008-10-07,1,1,1
rc,fractal,2008-10-31,2,1,1
rc,fractal,2008-11-13,2,1,1
rc,fractal,2008-11-16,1,1,1
rc,fractal,2008-11-24,4,1,2
rc,fractal,2008-12-05,5,2,3
rc,fractal,2008-12-07,1,1,1
rc,fractal,2008-12-08,1,1,1
rc,fractal,2008-12-10,1,1,1
rc,fractal,2008-12-29,1,1,1
rc,fractal,2009-01-01,1,1,1
rc,fractal,2009-01-04,3,1,1
rc,fractal,2009-01-15,2,1,1
rc,fractal,2009-01-24,2,1,1
rc,fractal,2009-02-16,2,1,1
rc,fractal,2009-02-20,2,1,1
rc,fractal,2009-03-02,1,1,1
rc,fractal,2009-03-05,1,1,1
rc,fractal,2009-03-06,1,1,1
rc,fractal,2009-03-09,1,1,1
rc,fractal,2009-03-14,8,2,1
rc,fractal,2009-03-15,11,4,3
rc,fractal,2009-03-16,34,8,1
rc,fractal,2009-03-17,18,8,2
rc,fractal,2009-03-18,54,5,1
rc,fractal,2009-03-19,29,3,4
rc,fractal,2009-03-20,21,3,3
rc,fractal,2009-03-21,58,2,5
rc,fractal,2009-03-22,4,1,2
rc,fractal,2009-03-23,34,2,7
rc,fractal,2009-03-24,23,3,5
rc,fractal,2009-03-25,3,2,1
rc,fractal,2009-03-26,37,5,6
rc,fractal,2009-03-27,117,5,11
rc,fractal,2009-03-28,35,3,7
rc,fractal,2009-03-29,29,2,6
rc,fractal,2009-03-30,29,3,8
rc,fractal,2009-03-31,23,2,8
rc,fractal,2009-04-01,2,2,2
rc,fractal,2009-04-02,18,3,5
rc,fractal,2009-04-03,28,3,5
rc,fractal,2009-04-04,38,4,4
rc,fractal,2009-04-05,5,2,2
rc,fractal,2009-04-06,4,1,2
rc,fractal,2009-04-07,3,1,2
rc,fractal,2009-04-10,9,1,3
rc,fractal,2009-04-11,4,2,3
rc,fractal,2009-04-17,3,1,1
rc,fractal,2009-04-18,4,1,2
rc,fractal,2009-04-26,2,1,2
rc,fractal,2009-04-27,7,1,1
rc,fractal,2009-04-28,9,1,1
rc,fractal,2009-05-02,3,1,1
rc,fractal,2009-05-05,7,1,2
rc,fractal,2009-05-07,3,2,2
rc,fractal,2009-05-08,1,1,1
rc,fractal,2009-05-10,1,1,1
rc,fractal,2009-05-21,1,1,1
rc,fractal,2009-05-23,1,1,1
rc,fractal,2009-05-24,5,1,2
rc,fractal,2009-05-28,10,1,1
rc,fractal,2009-05-29,1,1,1
rc,fractal,2009-05-30,12,3,3
rc,fractal,2009-05-31,23,3,3
rc,fractal,2009-06-01,1,1,1
rc,fractal,2009-06-02,24,2,5
rc,fractal,2009-06-03,1,1,1
rc,fractal,2009-06-05,1,1,1
rc,fractal,2009-06-06,5,1,1
rc,fractal,2009-06-07,10,1,3
rc,fractal,2009-06-11,2,1,2
rc,fractal,2009-06-13,8,1,1
rc,fractal,2009-06-16,1,1,1
rc,fractal,2009-06-21,3,1,2
rc,fractal,2009-06-24,1,1,1
rc,fractal,2009-07-16,2,1,1
rc,fractal,2009-07-24,3,1,1
rc,fractal,2009-08-18,1,1,1
rc,fractal,2009-08-21,1,1,1
rc,fractal,2009-08-22,4,1,1
rc,fractal,2009-08-25,1,1,1
rc,fractal,2009-09-05,1,1,1
rc,fractal,2009-09-17,3,1,2
rc,fractal,2009-09-19,7,1,1
rc,fractal,2009-10-11,8,1,3
rc,fractal,2009-10-16,9,1,4
rc,fractal,2009-10-21,1,1,1
rc,fractal,2009-10-22,108,48,1
rc,fractal,2009-10-24,284,87,3
rc,fractal,2009-10-25,14,1,1
rc,fractal,2009-10-26,1,1,1
rc,fractal,2009-10-27,6,1,1
rc,fractal,2009-10-28,2,2,1
rc,fractal,2009-10-29,4,4,1
rc,fractal,2009-10-30,2,2,1
rc,fractal,2009-11-02,4,3,2
rc,fractal,2009-11-04,1,1,1
rc,fractal,2009-11-07,1,1,1
rc,fractal,2009-11-13,3,1,1
rc,fractal,2009-11-20,1,1,1
rc,fractal,2009-11-28,1,1,1
rc,fractal,2009-12-06,1,1,1
rc,fractal,2009-12-11,2,1,2
rc,fractal,2009-12-21,2,1,1
rc,fractal,2010-01-17,4,1,1
rc,fractal,2010-02-16,1,1,1
rc,fractal,2010-03-07,1,1,1
rc,fractal,2010-03-13,1,1,1
rc,fractal,2010-04-16,1,1,1
rc,fractal,2010-04-17,1,1,1
rc,fractal,2010-08-11,1,1,1
rc,fractal,2011-07-31,1,1,1
rc,fractal,2011-08-04,1,1,1
rc,fractal,2011-08-08,5,5,2
rc,fractal,2011-08-09,2,2,2
rc,fractal,2011-08-21,1,1,1
rc,fractal,2011-09-14,2,2,1
rc,fractal,2011-09-15,4,4,1
rc,fractal,2011-10-25,1,1,1
rc,fractal,2011-10-26,1,1,1
rc,fractal,2011-11-30,1,1,1
rc,fractal,2011-12-04,5,1,1
rc,fractal,2011-12-05,3,3,2
rc,fractal,2011-12-06,2,2,2
rc,fractal,2011-12-07,5,5,3
rc,fractal,2011-12-08,2,2,2
rc,fractal,2011-12-09,1,1,1
rc,fractal,2011-12-10,1,1,1
rc,fractal,2011-12-11,2,1,1
rc,fractal,2011-12-13,3,2,2
rc,fractal,2011-12-14,10,1,5
rc,fractal,2011-12-16,1,1,1
rc,fractal,2011-12-20,3,2,1
rc,fractal,2011-12-21,5,1,1
rc,fractal,2011-12-23,1,1,1
rc,fractal,2011-12-25,3,1,1
rc,fractal,2011-12-26,2,1,1
rc,fractal,2011-12-29,12,10,6
rc,fractal,2011-12-31,8,4,5
rc,fractal,2012-01-30,1,1,1
rc,fractal,2012-02-29,1,1,1
rc,fractal,2012-03-17,3,2,1
rc,fractal,2012-03-18,1,1,1
rc,fractal,2012-04-02,2,1,1
rc,fractal,2012-04-03,4,2,3
rc,fractal,2012-04-06,1,1,1
rc,fractal,2012-04-12,1,1,1
rc,fractal,2012-04-29,1,1,1
rc,fractal,2012-04-30,6,6,1
rc,fractal,2012-05-02,3,3,1
rc,fractal,2012-05-21,2,1,2
rc,fractal,2012-05-25,2,1,2
rc,fractal,2012-06-09,2,1,2
rc,fractal,2012-06-29,1,1,1
rc,fractal,2012-07-21,1,1,1
rc,fractal,2012-07-28,1,1,1
rc,fractal,2012-08-04,5,1,3
rc,fractal,2012-08-06,1,1,1
rc,fractal,2012-08-17,1,1,1
rc,fractal,2012-08-23,1,1,1
rc,fractal,2012-08-30,1,1,1
rc,fractal,2012-09-01,1,1,1
rc,fractal,2012-09-06,1,1,1
rc,fractal,2012-09-12,1,1,1
rc,fractal,2012-09-23,4,4,1
rc,fractal,2012-09-24,1,1,1
rc,fractal,2012-09-25,2,2,1
rc,fractal,2012-09-26,4,1,1
rc,fractal,2012-10-03,20,1,7
rc,fractal,2012-10-05,5,1,3
rc,fractal,2012-10-13,1,1,1
rc,fractal,2012-10-15,1,1,1
rc,fractal,2012-10-25,1,1,1
rc,fractal,2012-10-27,1,1,1
rc,fractal,2012-11-14,2,1,1
rc,fractal,2012-11-17,1,1,1
rc,fractal,2012-12-16,1,1,1
rc,fractal,2013-01-11,7,6,2
rc,fractal,2013-01-13,6,6,2
rc,fractal,2013-01-27,1,1,1
rc,fractal,2013-02-19,3,1,1
rc,fractal,2013-02-23,2,1,1
rc,fractal,2013-03-26,1,1,1
rc,fractal,2013-04-16,2,1,1
rc,fractal,2013-04-17,2,1,1
rc,fractal,2013-05-08,1,1,1
rc,fractal,2013-05-09,1,1,1
rc,fractal,2013-05-10,1,1,1
rc,fractal,2013-05-21,1,1,1
rc,fractal,2013-05-22,1,1,1
rc,fractal,2013-05-26,4,1,4
rc,fractal,2013-05-27,2,1,2
rc,fractal,2013-05-28,2,1,1
rc,fractal,2013-05-29,1,1,1
rc,fractal,2013-05-31,3,1,3
rc,fractal,2013-06-01,1,1,1
rc,fractal,2013-06-05,1,1,1
rc,fractal,2013-06-08,1,1,1
rc,fractal,2013-06-10,1,1,1
rc,fractal,2013-06-26,2,1,2
rc,fractal,2013-06-29,1,1,1
rc,fractal,2013-07-01,2,1,1
rc,fractal,2013-07-28,4,1,2
rc,fractal,2013-08-29,1,1,1
rc,fractal,2013-09-26,2,1,1
rc,fractal,2013-10-10,1,1,1
rc,fractal,2013-11-04,1,1,1
rc,fractal,2013-11-08,1,1,1
rc,fractal,2013-11-09,1,1,1
rc,fractal,2013-11-11,1,1,1
rc,fractal,2013-11-12,1,1,1
rc,fractal,2013-11-17,2,1,2
rc,fractal,2013-11-26,2,1,1
rc,fractal,2013-12-02,1,1,1
rc,fractal,2013-12-27,1,1,1
rc,fractal,2014-01-26,1,1,1
rc,fractal,2014-03-05,1,1,1
rc,fractal,2014-04-22,1,1,1
rc,fractal,2014-05-06,1,1,1
rc,fractal,2014-05-07,1,1,1
rc,fractal,2014-09-02,2,1,1
rc,fractal,2014-09-15,2,1,1
rc,fractal,2014-11-07,1,1,1
rc,fractal,2014-12-31,1,1,1
rc,fractal,2015-01-13,1,1,1
rc,fractal,2015-05-06,1,1,1
rc,fractal,2015-09-29,2,1,1
rc,fractal,2015-11-17,4,1,4
rc,fractal,2015-11-30,2,1,1
rc,fractal,2016-02-03,4,1,2
rc,fractal,2016-04-29,1,1,1
rc,fractal,2016-05-26,1,1,1
rc,fractal,2016-07-27,1,1,1
rc,fractal,2016-09-11,1,1,1
rc,fractal,2016-10-28,1,1,1
rc,fractal,2016-11-17,1,1,1
rc,fractal,2017-01-25,3,1,3
rc,fractal,2017-04-13,18,1,2
rc,fractal,2017-05-16,1,1,1
rc,fractal,2017-05-27,1,1,1
rc,fractal,2017-08-10,1,1,1
rc,fractal,2017-09-19,1,1,1
rc,fractal,2017-09-30,1,1,1
rc,fractal,2017-12-10,1,1,1
rc,fractal,2017-12-11,1,1,1
rc,fractal,2018-01-13,1,1,1
rc,fractal,2018-02-09,1,1,1
rc,fractal,2018-02-15,2,1,1
rc,fractal,2018-03-04,1,1,1
rc,fractal,2018-03-29,1,1,1
rc,fractal,2018-04-24,1,1,1
rc,fractal,2018-05-21,2,2,1
rc,fractal,2018-06-12,1,1,1
rc,fractal,2018-07-04,1,1,1
rc,fractal,2018-07-19,1,1,1
rc,fractal,2018-07-24,2,2,1
rc,fractal,2018-08-20,1,1,1
rc,fractal,2018-08-30,1,1,1
rc,fractal,2018-09-12,2,2,1
rc,fractal,2018-10-17,1,1,1
rc,fractal,2018-12-06,1,1,1
rc,fractal,2019-01-02,1,1,1
rc,fractal,2019-01-16,1,1,1
rc,fractal,2019-09-09,1,1,1
rc,fractal,2019-09-23,1,1,1
rc,fractal,2020-01-12,2,1,1
rc,fractal,2020-02-12,1,1,1
rc,fractal,2020-02-19,2,1,2
rc,fractal,2020-05-24,1,1,1
rc,fractal,2020-08-28,1,1,1
rc,fractal,2021-03-03,1,1,1
rc,fractal,2022-03-10,1,1,1
rc,fractal,2022-11-19,2,1,2
rc,fractal,2022-12-22,2,2,2
rc,fractal,2023-04-02,1,1,1
rc,fractal,2023-12-30,1,1,1
rc,fractal,2024-01-05,4,1,4
rc,fractal,2026-05-24,3,2,3
rc,fractal,2026-06-19,12,2,5
rc,fractal,2026-06-20,1,1,1
rc,fractal,2026-06-22,73,38,70
rc,fractal,2026-08-29,4,1,1
rc,fractal,2026-09-01,1,1,1
rc,fractal,2026-09-04,5,3,4
rc,fractal,2026-09-05,3,2,2
rc,probier,2004-01-02,2,1,2
rc,probier,2004-01-21,2,1,2
rc,probier,2004-01-26,2,1,2
rc,probier,2004-01-28,3,1,1
rc,probier,2004-01-30,1,1,1
rc,probier,2004-02-01,2,1,2
rc,probier,2004-02-02,6,1,1
rc,probier,2004-02-03,1,1,1
rc,probier,2004-02-05,9,1,4
rc,probier,2004-02-13,2,1,2
rc,probier,2004-02-15,1,1,1
rc,probier,2004-02-19,1,1,1
rc,probier,2004-02-26,1,1,1
rc,probier,2004-03-09,22,1,4
rc,probier,2004-03-11,1,1,1
rc,probier,2004-03-21,1,1,1
rc,probier,2004-03-24,1,1,1
rc,probier,2004-04-14,16,11,4
rc,probier,2004-04-16,1,1,1
rc,probier,2004-04-30,1,1,1
rc,probier,2004-05-07,1,1,1
rc,probier,2004-05-09,2,1,2
rc,probier,2004-05-20,1,1,1
rc,probier,2004-06-06,4,1,1
rc,probier,2004-06-24,1,1,1
rc,probier,2004-07-05,1,1,1
rc,probier,2004-07-15,2,1,1
rc,probier,2004-07-28,1,1,1
rc,probier,2004-08-08,1,1,1
rc,probier,2004-08-18,1,1,1
rc,probier,2004-09-10,1,1,1
rc,probier,2004-09-11,1,1,1
rc,probier,2004-09-28,1,1,1
rc,probier,2004-10-09,6,1,1
rc,probier,2004-10-13,1,1,1
rc,probier,2004-10-15,1,1,1
rc,probier,2004-10-21,2,1,1
rc,probier,2004-10-27,1,1,1
rc,probier,2004-11-18,3,1,2
rc,probier,2004-11-21,3,1,2
rc,probier,2004-11-22,1,1,1
rc,probier,2004-11-24,2,2,1
rc,probier,2004-11-28,4,1,2
rc,probier,2004-12-07,2,1,1
rc,probier,2004-12-14,1,1,1
rc,probier,2004-12-22,1,1,1
rc,probier,2005-01-06,1,1,1
rc,probier,2005-01-07,2,1,2
rc,probier,2005-01-24,1,1,1
rc,probier,2005-02-02,3,1,2
rc,probier,2005-02-03,59,5,11
rc,probier,2005-02-05,3,1,1
rc,probier,2005-02-23,75,3,10
rc,probier,2005-03-02,1,1,1
rc,probier,2005-03-06,1,1,1
rc,probier,2005-03-07,5,2,2
rc,probier,2005-03-08,3,1,3
rc,probier,2005-03-11,1,1,1
rc,probier,2005-03-12,3,2,2
rc,probier,2005-03-15,1,1,1
rc,probier,2005-03-16,1,1,1
rc,probier,2005-03-17,13,2,2
rc,probier,2005-03-18,1,1,1
rc,probier,2005-03-19,1,1,1
rc,probier,2005-03-20,2,1,2
rc,probier,2005-03-21,7,1,1
rc,probier,2005-03-23,8,2,8
rc,probier,2005-03-30,1,1,1
rc,probier,2005-03-31,1,1,1
rc,probier,2005-04-10,1,1,1
rc,probier,2005-05-06,2,1,2
rc,probier,2005-05-17,1,1,1
rc,probier,2005-05-25,1,1,1
rc,probier,2005-06-14,1,1,1
rc,probier,2005-06-23,13,1,6
rc,probier,2005-06-28,1,1,1
rc,probier,2005-06-29,2,1,2
rc,probier,2005-07-26,1,1,1
rc,probier,2005-08-18,1,1,1
rc,probier,2005-08-25,1,1,1
rc,probier,2005-09-12,3,1,2
rc,probier,2005-09-13,1,1,1
rc,probier,2005-09-14,4,1,1
rc,probier,2005-09-15,4,1,1
rc,probier,2005-09-18,1,1,1
rc,probier,2005-09-19,1,1,1
rc,probier,2005-09-20,1,1,1
rc,probier,2005-09-21,1,1,1
rc,probier,2005-09-23,1,1,1
rc,probier,2005-09-25,4,2,4
rc,probier,2005-09-26,1,1,1
rc,probier,2005-09-30,1,1,1
rc,probier,2005-10-08,1,1,1
rc,probier,2005-10-12,28,1,7
rc,probier,2005-10-16,1,1,1
rc,probier,2005-10-21,1,1,1
rc,probier,2005-11-03,1,1,1
rc,probier,2005-11-07,1,1,1
rc,probier,2005-11-08,11,3,1
rc,probier,2005-11-09,1,1,1
rc,probier,2005-11-12,1,1,1
rc,probier,2006-01-04,4,1,4
rc,probier,2006-01-10,1,1,1
rc,probier,2006-01-12,1,1,1
rc,probier,2006-01-13,4,1,1
rc,probier,2006-01-19,2,2,2
rc,probier,2006-01-22,1,1,1
rc,probier,2006-01-23,2,2,1
rc,probier,2006-01-25,1,1,1
rc,probier,2006-01-30,1,1,1
rc,probier,2006-02-01,1,1,1
rc,probier,2006-02-08,2,2,2
rc,probier,2006-02-13,1,1,1
rc,probier,2006-02-18,2,1,2
rc,probier,2006-02-19,1,1,1
rc,probier,2006-02-22,1,1,1
rc,probier,2006-03-02,1,1,1
rc,probier,2006-03-13,1,1,1
rc,probier,2006-03-16,2,2,2
rc,probier,2006-03-19,1,1,1
rc,probier,2006-03-25,1,1,1
rc,probier,2006-03-26,4,4,4
rc,probier,2006-03-27,3,2,2
rc,probier,2006-03-28,3,3,3
rc,probier,2006-04-21,2,1,1
rc,probier,2006-05-05,2,1,2
rc,probier,2006-05-22,3,1,1
rc,probier,2006-05-31,2,1,1
rc,probier,2006-06-13,1,1,1
rc,probier,2006-06-20,1,1,1
rc,probier,2006-08-02,1,1,1
rc,probier,2006-08-09,1,1,1
rc,probier,2006-08-11,1,1,1
rc,probier,2006-08-13,1,1,1
rc,probier,2006-08-18,4,2,3
rc,probier,2006-08-20,2,1,1
rc,probier,2006-08-24,21,2,2
rc,probier,2006-08-25,1,1,1
rc,probier,2006-09-28,1,1,1
rc,probier,2007-01-20,2,1,2
rc,probier,2007-01-21,15,1,14
rc,probier,2007-03-19,1,1,1
rc,probier,2007-03-24,5,2,4
rc,probier,2007-04-16,1,1,1
rc,probier,2007-04-17,2,1,2
rc,probier,2007-04-21,2,1,2
rc,probier,2007-05-08,1,1,1
rc,probier,2007-06-01,1,1,1
rc,probier,2007-06-03,1,1,1
rc,probier,2007-06-07,1,1,1
rc,probier,2007-06-21,1,1,1
rc,probier,2007-06-26,1,1,1
rc,probier,2007-07-01,3,1,2
rc,probier,2007-09-29,1,1,1
rc,probier,2007-10-03,1,1,1
rc,probier,2007-10-17,2,1,1
rc,probier,2007-11-21,1,1,1
rc,probier,2007-12-19,1,1,1
rc,probier,2007-12-22,1,1,1
rc,probier,2007-12-29,3,1,1
rc,probier,2008-04-01,1,1,1
rc,probier,2008-04-08,1,1,1
rc,probier,2008-06-01,1,1,1
rc,probier,2008-07-12,1,1,1
rc,probier,2008-08-26,2,1,1
rc,probier,2008-09-18,1,1,1
rc,probier,2008-11-13,1,1,1
rc,probier,2008-12-28,6,2,3
rc,probier,2009-01-29,2,1,1
rc,probier,2009-04-06,2,1,1
rc,probier,2009-05-28,1,1,1
rc,probier,2009-07-20,1,1,1
rc,probier,2009-07-28,3,1,1
rc,probier,2009-09-08,1,1,1
rc,probier,2009-10-03,5,5,1
rc,probier,2009-10-25,5,5,1
rc,probier,2010-01-20,5,5,1
rc,probier,2010-01-21,1,1,1
rc,probier,2010-01-28,1,1,1
rc,probier,2010-10-16,1,1,1
rc,probier,2010-10-18,1,1,1
rc,probier,2010-11-16,1,1,1
rc,probier,2010-11-18,1,1,1
rc,probier,2010-11-22,1,1,1
rc,probier,2010-11-28,1,1,1
rc,probier,2011-01-17,1,1,1
rc,probier,2011-07-13,1,1,1
rc,probier,2011-08-09,1,1,1
rc,probier,2011-11-27,2,1,2
rc,probier,2012-02-21,1,1,1
rc,probier,2012-07-24,4,2,1
rc,probier,2012-08-18,3,2,2
rc,probier,2012-08-19,5,5,2
rc,probier,2012-08-21,2,2,1
rc,probier,2012-09-24,1,1,1
rc,probier,2013-02-24,5,3,2
rc,probier,2013-02-26,1,1,1
rc,probier,2013-02-27,2,2,2
rc,probier,2013-02-28,1,1,1
rc,probier,2013-03-02,1,1,1
rc,probier,2013-04-08,1,1,1
rc,probier,2014-01-24,1,1,1
rc,probier,2014-06-23,1,1,1
rc,probier,2014-11-24,1,1,1
rc,probier,2015-01-18,1,1,1
rc,probier,2015-10-09,2,2,1
rc,probier,2015-11-23,1,1,1
rc,probier,2016-07-21,1,1,1
rc,probier,2016-10-17,1,1,1
rc,probier,2016-12-01,1,1,1
rc,probier,2016-12-19,2,1,2
rc,probier,2017-03-11,5,1,1
rc,probier,2017-11-01,1,1,1
rc,probier,2018-08-22,1,1,1
rc,probier,2020-12-14,2,1,2
rc,probier,2021-12-29,1,1,1
rc,probier,2022-07-07,1,1,1
rc,probier,2022-07-16,1,1,1
rc,probier,2023-02-20,1,1,1
rc,probier,2026-05-26,7,3,5
rc,probier,2026-05-27,1,1,1
rc,probier,2026-06-10,1,1,1
rc,probier,2026-06-17,1,1,1
rc,probier,2026-06-18,40,40,27
rc,probier,2026-06-19,3,3,2
rc,probier,2026-06-20,9,9,6
rc,probier,2026-06-22,44,37,40
rc,probier,2026-08-29,1,1,1
rc,probier,2026-09-01,1,1,1
rc,probier,2026-09-04,24,2,14
rc,probier,2026-09-05,13,4,5
rc,probier,2026-09-06,7,3,6
rc,probier,2026-09-07,40,38,40
rc,probier,2026-09-08,4,4,4
rc,probier,2026-09-09,11,11,11
rc,probier,2026-09-10,6,4,4
rc,probier,2026-09-11,2,2,1
rc,wiki4d,2003-03-13,17,1,5
rc,wiki4d,2003-03-14,5,4,2
rc,wiki4d,2003-03-20,4,1,1
rc,wiki4d,2003-03-24,5,1,1
rc,wiki4d,2003-03-26,67,2,14
rc,wiki4d,2003-03-27,73,3,6
rc,wiki4d,2003-03-28,27,3,7
rc,wiki4d,2003-03-29,51,2,4
rc,wiki4d,2003-03-30,21,2,2
rc,wiki4d,2003-03-31,61,3,6
rc,wiki4d,2003-04-01,58,1,13
rc,wiki4d,2003-04-02,22,1,6
rc,wiki4d,2003-04-03,77,2,18
rc,wiki4d,2003-04-04,10,1,3
rc,wiki4d,2003-04-05,43,3,14
rc,wiki4d,2003-04-06,17,2,7
rc,wiki4d,2003-04-07,4,1,3
rc,wiki4d,2003-04-08,5,2,1
rc,wiki4d,2003-04-09,6,1,3
rc,wiki4d,2003-04-10,31,2,9
rc,wiki4d,2003-04-11,5,1,4
rc,wiki4d,2003-04-12,6,3,2
rc,wiki4d,2003-04-13,87,2,6
rc,wiki4d,2003-04-14,5,1,1
rc,wiki4d,2003-04-15,2,2,1
rc,wiki4d,2003-04-16,3,1,1
rc,wiki4d,2003-04-17,17,2,3
rc,wiki4d,2003-04-18,17,1,4
rc,wiki4d,2003-04-19,2,1,1
rc,wiki4d,2003-04-22,21,1,1
rc,wiki4d,2003-04-23,16,1,1
rc,wiki4d,2003-04-25,4,1,2
rc,wiki4d,2003-04-30,1,1,1
rc,wiki4d,2003-05-04,44,3,8
rc,wiki4d,2003-05-05,1,1,1
rc,wiki4d,2003-05-09,11,1,1
rc,wiki4d,2003-05-17,1,1,1
rc,wiki4d,2003-05-18,1,1,1
rc,wiki4d,2003-05-19,4,2,2
rc,wiki4d,2003-05-26,2,1,2
rc,wiki4d,2003-06-01,2,2,1
rc,wiki4d,2003-06-05,46,3,2
rc,wiki4d,2003-06-06,6,4,2
rc,wiki4d,2003-06-07,5,1,1
rc,wiki4d,2003-06-08,1,1,1
rc,wiki4d,2003-06-09,31,10,4
rc,wiki4d,2003-06-10,9,4,1
rc,wiki4d,2003-06-11,1,1,1
rc,wiki4d,2003-06-12,2,1,1
rc,wiki4d,2003-06-13,3,2,1
rc,wiki4d,2003-06-15,1,1,1
rc,wiki4d,2003-06-16,1,1,1
rc,wiki4d,2003-06-26,71,1,17
rc,wiki4d,2003-06-27,19,3,5
rc,wiki4d,2003-06-28,107,8,26
rc,wiki4d,2003-06-29,22,3,8
rc,wiki4d,2003-06-30,8,3,4
rc,wiki4d,2003-07-01,9,2,5
rc,wiki4d,2003-07-02,1,1,1
rc,wiki4d,2003-07-03,3,1,2
rc,wiki4d,2003-07-05,1,1,1
rc,wiki4d,2003-07-09,1,1,1
rc,wiki4d,2003-07-10,1,1,1
rc,wiki4d,2003-07-11,4,1,3
rc,wiki4d,2003-07-12,2,2,1
rc,wiki4d,2003-07-16,1,1,1
rc,wiki4d,2003-07-18,2,2,2
rc,wiki4d,2003-07-24,3,1,2
rc,wiki4d,2003-07-31,2,2,2
rc,wiki4d,2003-08-08,2,1,2
rc,wiki4d,2003-08-15,1,1,1
rc,wiki4d,2003-08-20,3,1,2
rc,wiki4d,2003-08-21,5,1,2
rc,wiki4d,2003-08-22,5,1,2
rc,wiki4d,2003-08-23,2,1,1
rc,wiki4d,2003-08-24,16,1,10
rc,wiki4d,2003-08-25,13,1,4
rc,wiki4d,2003-08-26,7,2,3
rc,wiki4d,2003-08-27,9,1,2
rc,wiki4d,2003-08-28,1,1,1
rc,wiki4d,2003-08-29,1,1,1
rc,wiki4d,2003-08-30,3,1,3
rc,wiki4d,2003-09-02,6,1,2
rc,wiki4d,2003-09-03,1,1,1
rc,wiki4d,2003-09-04,7,2,4
rc,wiki4d,2003-09-07,1,1,1
rc,wiki4d,2003-09-09,13,2,3
rc,wiki4d,2003-09-11,1,1,1
rc,wiki4d,2003-09-12,2,2,2
rc,wiki4d,2003-09-13,6,3,3
rc,wiki4d,2003-09-14,6,2,2
rc,wiki4d,2003-09-15,2,1,2
rc,wiki4d,2003-09-18,3,1,1
rc,wiki4d,2003-09-19,9,1,2
rc,wiki4d,2003-09-25,1,1,1
rc,wiki4d,2003-09-26,1,1,1
rc,wiki4d,2003-09-28,4,1,1
rc,wiki4d,2003-09-30,1,1,1
rc,wiki4d,2003-10-02,4,1,1
rc,wiki4d,2003-10-03,104,1,9
rc,wiki4d,2003-10-04,1,1,1
rc,wiki4d,2003-10-05,3,2,2
rc,wiki4d,2003-10-06,5,1,2
rc,wiki4d,2003-10-07,2,1,1
rc,wiki4d,2003-10-08,2,1,1
rc,wiki4d,2003-10-11,1,1,1
rc,wiki4d,2003-10-12,1,1,1
rc,wiki4d,2003-10-15,8,1,2
rc,wiki4d,2003-10-16,3,2,2
rc,wiki4d,2003-10-24,2,1,1
rc,wiki4d,2003-10-26,5,2,3
rc,wiki4d,2003-10-29,15,3,6
rc,wiki4d,2003-10-31,2,1,2
rc,wiki4d,2003-11-02,15,2,9
rc,wiki4d,2003-11-04,21,3,3
rc,wiki4d,2003-11-05,21,2,8
rc,wiki4d,2003-11-06,3,1,1
rc,wiki4d,2003-11-07,7,2,2
rc,wiki4d,2003-11-12,1,1,1
rc,wiki4d,2003-11-15,45,2,28
rc,wiki4d,2003-11-26,1,1,1
rc,wiki4d,2003-11-28,2,1,1
rc,wiki4d,2003-12-02,5,1,3
rc,wiki4d,2003-12-03,10,2,3
rc,wiki4d,2003-12-04,14,2,8
rc,wiki4d,2003-12-07,6,4,4
rc,wiki4d,2003-12-08,1,1,1
rc,wiki4d,2003-12-09,6,3,1
rc,wiki4d,2003-12-10,2,1,1
rc,wiki4d,2003-12-17,1,1,1
rc,wiki4d,2003-12-19,2,1,1
rc,wiki4d,2003-12-20,3,1,3
rc,wiki4d,2003-12-21,4,2,4
rc,wiki4d,2003-12-22,1,1,1
rc,wiki4d,2003-12-24,2,1,2
rc,wiki4d,2003-12-30,1,1,1
rc,wiki4d,2004-01-01,2,1,1
rc,wiki4d,2004-01-03,4,1,2
rc,wiki4d,2004-01-04,8,1,5
rc,wiki4d,2004-01-10,1,1,1
rc,wiki4d,2004-01-13,1,1,1
rc,wiki4d,2004-01-18,2,1,2
rc,wiki4d,2004-01-19,2,1,2
rc,wiki4d,2004-01-20,4,1,2
rc,wiki4d,2004-01-22,4,1,1
rc,wiki4d,2004-01-23,1,1,1
rc,wiki4d,2004-01-24,1,1,1
rc,wiki4d,2004-02-02,3,2,3
rc,wiki4d,2004-02-07,8,2,6
rc,wiki4d,2004-02-09,3,1,3
rc,wiki4d,2004-02-11,1,1,1
rc,wiki4d,2004-02-13,1,1,1
rc,wiki4d,2004-02-14,11,1,4
rc,wiki4d,2004-02-15,1,1,1
rc,wiki4d,2004-02-16,4,2,3
rc,wiki4d,2004-02-18,19,3,6
rc,wiki4d,2004-02-19,16,6,1
rc,wiki4d,2004-02-20,2,1,1
rc,wiki4d,2004-02-21,8,2,6
rc,wiki4d,2004-02-22,1,1,1
rc,wiki4d,2004-02-23,3,2,3
rc,wiki4d,2004-02-24,1,1,1
rc,wiki4d,2004-02-25,3,2,3
rc,wiki4d,2004-03-02,1,1,1
rc,wiki4d,2004-03-08,3,3,3
rc,wiki4d,2004-03-13,2,1,2
rc,wiki4d,2004-03-14,7,3,5
rc,wiki4d,2004-03-15,1,1,1
rc,wiki4d,2004-03-18,19,2,3
rc,wiki4d,2004-03-19,28,3,9
rc,wiki4d,2004-03-20,5,1,3
rc,wiki4d,2004-03-21,4,4,3
rc,wiki4d,2004-03-22,2,1,1
rc,wiki4d,2004-03-23,15,3,6
rc,wiki4d,2004-03-24,3,3,3
rc,wiki4d,2004-03-25,1,1,1
rc,wiki4d,2004-03-26,15,3,4
rc,wiki4d,2004-03-27,32,2,4
rc,wiki4d,2004-03-28,2,1,1
rc,wiki4d,2004-03-30,2,2,2
rc,wiki4d,2004-04-02,1,1,1
rc,wiki4d,2004-04-05,2,1,2
rc,wiki4d,2004-04-08,5,3,2
rc,wiki4d,2004-04-10,3,2,3
rc,wiki4d,2004-04-11,3,1,2
rc,wiki4d,2004-04-12,2,1,1
rc,wiki4d,2004-04-13,2,2,2
rc,wiki4d,2004-04-14,2,2,2
rc,wiki4d,2004-04-15,2,1,1
rc,wiki4d,2004-04-17,5,2,3
rc,wiki4d,2004-04-18,2,2,2
rc,wiki4d,2004-04-19,8,3,5
rc,wiki4d,2004-04-20,4,2,2
rc,wiki4d,2004-04-21,42,4,14
rc,wiki4d,2004-04-22,22,4,5
rc,wiki4d,2004-04-23,10,2,5
rc,wiki4d,2004-04-24,5,2,4
rc,wiki4d,2004-04-25,21,5,5
rc,wiki4d,2004-04-27,4,2,3
rc,wiki4d,2004-04-28,1,1,1
rc,wiki4d,2004-04-29,4,2,3
rc,wiki4d,2004-04-30,2,2,1
rc,wiki4d,2004-05-01,5,2,5
rc,wiki4d,2004-05-04,2,1,1
rc,wiki4d,2004-05-06,1,1,1
rc,wiki4d,2004-05-07,1,1,1
rc,wiki4d,2004-05-09,1,1,1
rc,wiki4d,2004-05-10,1,1,1
rc,wiki4d,2004-05-11,1,1,1
rc,wiki4d,2004-05-12,19,4,4
rc,wiki4d,2004-05-13,3,1,1
rc,wiki4d,2004-05-15,3,1,1
rc,wiki4d,2004-05-16,2,2,2
rc,wiki4d,2004-05-18,4,2,2
rc,wiki4d,2004-05-19,2,1,1
rc,wiki4d,2004-05-20,5,3,3
rc,wiki4d,2004-05-22,3,1,1
rc,wiki4d,2004-05-24,8,2,3
rc,wiki4d,2004-05-26,12,5,10
rc,wiki4d,2004-05-28,1,1,1
rc,wiki4d,2004-05-29,1,1,1
rc,wiki4d,2004-05-31,5,2,3
rc,wiki4d,2004-06-01,3,1,1
rc,wiki4d,2004-06-02,3,3,3
rc,wiki4d,2004-06-03,2,2,2
rc,wiki4d,2004-06-04,4,1,3
rc,wiki4d,2004-06-05,2,1,2
rc,wiki4d,2004-06-06,4,1,2
rc,wiki4d,2004-06-08,1,1,1
rc,wiki4d,2004-06-10,19,3,5
rc,wiki4d,2004-06-11,5,1,3
rc,wiki4d,2004-06-14,1,1,1
rc,wiki4d,2004-06-15,5,2,3
rc,wiki4d,2004-06-16,2,1,2
rc,wiki4d,2004-06-17,119,3,74
rc,wiki4d,2004-06-18,100,1,54
rc,wiki4d,2004-06-19,2,1,2
rc,wiki4d,2004-06-20,2,1,2
rc,wiki4d,2004-06-21,2,2,2
rc,wiki4d,2004-06-22,2,2,2
rc,wiki4d,2004-06-23,1,1,1
rc,wiki4d,2004-06-24,7,1,1
rc,wiki4d,2004-06-25,5,3,3
rc,wiki4d,2004-06-27,2,2,2
rc,wiki4d,2004-06-28,2,1,2
rc,wiki4d,2004-06-29,2,2,2
rc,wiki4d,2004-06-30,2,2,2
rc,wiki4d,2004-07-01,12,3,4
rc,wiki4d,2004-07-02,1,1,1
rc,wiki4d,2004-07-03,1,1,1
rc,wiki4d,2004-07-05,10,2,7
rc,wiki4d,2004-07-06,31,4,10
rc,wiki4d,2004-07-07,5,1,4
rc,wiki4d,2004-07-10,7,1,4
rc,wiki4d,2004-07-11,13,1,5
rc,wiki4d,2004-07-12,1,1,1
rc,wiki4d,2004-07-13,7,2,5
rc,wiki4d,2004-07-14,1,1,1
rc,wiki4d,2004-07-15,11,3,9
rc,wiki4d,2004-07-16,7,4,5
rc,wiki4d,2004-07-17,1,1,1
rc,wiki4d,2004-07-18,14,2,10
rc,wiki4d,2004-07-19,1,1,1
rc,wiki4d,2004-07-20,7,1,5
rc,wiki4d,2004-07-24,4,1,4
rc,wiki4d,2004-07-25,6,1,5
rc,wiki4d,2004-07-26,7,3,6
rc,wiki4d,2004-07-27,14,4,8
rc,wiki4d,2004-07-28,5,3,4
rc,wiki4d,2004-07-29,6,3,2
rc,wiki4d,2004-07-30,7,2,3
rc,wiki4d,2004-07-31,16,1,15
rc,wiki4d,2004-08-02,4,1,3
rc,wiki4d,2004-08-04,1,1,1
rc,wiki4d,2004-08-05,1,1,1
rc,wiki4d,2004-08-06,2,1,2
rc,wiki4d,2004-08-07,2,2,2
rc,wiki4d,2004-08-08,3,1,3
rc,wiki4d,2004-08-10,2,2,2
rc,wiki4d,2004-08-11,8,2,1
rc,wiki4d,2004-08-12,4,2,2
rc,wiki4d,2004-08-13,1,1,1
rc,wiki4d,2004-08-14,16,3,5
rc,wiki4d,2004-08-15,56,7,42
rc,wiki4d,2004-08-17,2,1,1
rc,wiki4d,2004-08-18,3,1,2
rc,wiki4d,2004-08-19,3,2,2
rc,wiki4d,2004-08-20,2,2,1
rc,wiki4d,2004-08-21,1,1,1
rc,wiki4d,2004-08-22,2,1,2
rc,wiki4d,2004-08-23,1,1,1
rc,wiki4d,2004-08-24,1,1,1
rc,wiki4d,2004-08-27,2,1,1
rc,wiki4d,2004-08-28,1,1,1
rc,wiki4d,2004-08-29,65,1,64
rc,wiki4d,2004-08-31,2,1,2
rc,wiki4d,2004-09-01,4,2,4
rc,wiki4d,2004-09-02,9,3,9
rc,wiki4d,2004-09-03,19,4,8
rc,wiki4d,2004-09-05,3,2,2
rc,wiki4d,2004-09-06,2,2,2
rc,wiki4d,2004-09-07,1,1,1
rc,wiki4d,2004-09-08,5,3,5
rc,wiki4d,2004-09-09,2,1,2
rc,wiki4d,2004-09-10,2,1,1
rc,wiki4d,2004-09-11,1,1,1
rc,wiki4d,2004-09-14,6,3,4
rc,wiki4d,2004-09-15,6,1,2
rc,wiki4d,2004-09-16,1,1,1
rc,wiki4d,2004-09-17,1,1,1
rc,wiki4d,2004-09-18,1,1,1
rc,wiki4d,2004-09-19,1,1,1
rc,wiki4d,2004-09-21,4,2,2
rc,wiki4d,2004-09-22,3,2,2
rc,wiki4d,2004-09-23,2,2,2
rc,wiki4d,2004-09-24,1,1,1
rc,wiki4d,2004-09-26,3,3,3
rc,wiki4d,2004-09-27,31,2,6
rc,wiki4d,2004-09-28,43,1,2
rc,wiki4d,2004-09-29,2,1,1
rc,wiki4d,2004-09-30,1,1,1
rc,wiki4d,2004-10-01,4,2,4
rc,wiki4d,2004-10-04,1,1,1
rc,wiki4d,2004-10-05,3,2,2
rc,wiki4d,2004-10-07,8,3,3
rc,wiki4d,2004-10-08,7,2,6
rc,wiki4d,2004-10-09,3,1,1
rc,wiki4d,2004-10-11,3,2,3
rc,wiki4d,2004-10-12,5,3,4
rc,wiki4d,2004-10-13,5,1,3
rc,wiki4d,2004-10-14,6,2,6
rc,wiki4d,2004-10-15,4,3,2
rc,wiki4d,2004-10-16,9,2,3
rc,wiki4d,2004-10-19,1,1,1
rc,wiki4d,2004-10-20,1,1,1
rc,wiki4d,2004-10-21,9,2,7
rc,wiki4d,2004-10-23,2,2,2
rc,wiki4d,2004-10-25,1,1,1
rc,wiki4d,2004-10-26,1,1,1
rc,wiki4d,2004-10-29,7,3,4
rc,wiki4d,2004-11-06,1,1,1
rc,wiki4d,2004-11-07,1,1,1
rc,wiki4d,2004-11-15,1,1,1
rc,wiki4d,2004-11-16,3,1,2
rc,wiki4d,2004-11-18,4,1,3
rc,wiki4d,2004-11-20,1,1,1
rc,wiki4d,2004-11-24,6,1,1
rc,wiki4d,2004-11-28,7,1,3
rc,wiki4d,2004-11-29,6,1,2
rc,wiki4d,2004-12-01,1,1,1
rc,wiki4d,2004-12-02,4,1,1
rc,wiki4d,2004-12-07,4,2,2
rc,wiki4d,2004-12-08,1,1,1
rc,wiki4d,2004-12-09,2,2,2
rc,wiki4d,2004-12-10,17,1,3
rc,wiki4d,2004-12-11,2,1,1
rc,wiki4d,2004-12-12,3,2,2
rc,wiki4d,2004-12-16,3,1,2
rc,wiki4d,2004-12-17,6,2,3
rc,wiki4d,2004-12-19,1,1,1
rc,wiki4d,2004-12-21,12,3,6
rc,wiki4d,2004-12-22,2,1,2
rc,wiki4d,2004-12-26,2,1,1
rc,wiki4d,2004-12-27,2,1,2
rc,wiki4d,2004-12-30,4,1,2
rc,wiki4d,2005-01-04,1,1,1
rc,wiki4d,2005-01-09,1,1,1
rc,wiki4d,2005-01-10,3,1,1
rc,wiki4d,2005-01-11,3,2,2
rc,wiki4d,2005-01-15,3,1,1
rc,wiki4d,2005-01-17,1,1,1
rc,wiki4d,2005-01-22,18,1,5
rc,wiki4d,2005-01-27,5,2,3
rc,wiki4d,2005-01-28,3,3,2
rc,wiki4d,2005-01-31,1,1,1
rc,wiki4d,2005-02-03,4,2,2
rc,wiki4d,2005-02-04,1,1,1
rc,wiki4d,2005-02-05,2,1,1
rc,wiki4d,2005-02-10,1,1,1
rc,wiki4d,2005-02-11,13,2,3
rc,wiki4d,2005-02-12,2,1,1
rc,wiki4d,2005-02-20,4,1,2
rc,wiki4d,2005-02-21,13,2,4
rc,wiki4d,2005-02-22,13,1,3
rc,wiki4d,2005-02-23,2,1,1
rc,wiki4d,2005-02-24,2,1,1
rc,wiki4d,2005-02-25,6,1,4
rc,wiki4d,2005-02-28,1,1,1
rc,wiki4d,2005-03-01,1,1,1
rc,wiki4d,2005-03-03,7,2,5
rc,wiki4d,2005-03-04,15,3,4
rc,wiki4d,2005-03-06,9,2,4
rc,wiki4d,2005-03-08,1,1,1
rc,wiki4d,2005-03-10,1,1,1
rc,wiki4d,2005-03-11,7,1,1
rc,wiki4d,2005-03-12,8,2,2
rc,wiki4d,2005-03-14,2,1,2
rc,wiki4d,2005-03-16,3,1,3
rc,wiki4d,2005-03-23,6,2,2
rc,wiki4d,2005-03-25,1,1,1
rc,wiki4d,2005-03-26,3,3,1
rc,wiki4d,2005-03-27,3,1,1
rc,wiki4d,2005-03-28,7,3,3
rc,wiki4d,2005-03-29,22,4,5
rc,wiki4d,2005-03-30,5,3,3
rc,wiki4d,2005-03-31,13,3,6
rc,wiki4d,2005-04-01,3,2,2
rc,wiki4d,2005-04-02,6,2,3
rc,wiki4d,2005-04-03,1,1,1
rc,wiki4d,2005-04-05,1,1,1
rc,wiki4d,2005-04-07,1,1,1
rc,wiki4d,2005-04-13,1,1,1
rc,wiki4d,2005-04-14,1,1,1
rc,wiki4d,2005-04-15,7,2,4
rc,wiki4d,2005-04-16,2,1,1
rc,wiki4d,2005-04-17,11,1,2
rc,wiki4d,2005-04-18,1,1,1
rc,wiki4d,2005-04-21,1,1,1
rc,wiki4d,2005-04-23,1,1,1
rc,wiki4d,2005-04-24,3,2,2
rc,wiki4d,2005-04-28,2,2,2
rc,wiki4d,2005-05-03,1,1,1
rc,wiki4d,2005-05-04,7,2,4
rc,wiki4d,2005-05-05,2,2,2
rc,wiki4d,2005-05-06,1,1,1
rc,wiki4d,2005-05-07,4,3,4
rc,wiki4d,2005-05-09,5,1,1
rc,wiki4d,2005-05-10,2,1,1
rc,wiki4d,2005-05-11,2,1,2
rc,wiki4d,2005-05-12,2,2,2
rc,wiki4d,2005-05-16,4,1,2
rc,wiki4d,2005-05-17,1,1,1
rc,wiki4d,2005-05-23,1,1,1
rc,wiki4d,2005-05-26,3,1,3
rc,wiki4d,2005-05-27,2,2,2
rc,wiki4d,2005-06-01,3,2,2
rc,wiki4d,2005-06-03,1,1,1
rc,wiki4d,2005-06-04,3,2,3
rc,wiki4d,2005-06-07,1,1,1
rc,wiki4d,2005-06-08,1,1,1
rc,wiki4d,2005-06-10,6,2,5
rc,wiki4d,2005-06-18,5,2,2
rc,wiki4d,2005-06-20,1,1,1
rc,wiki4d,2005-06-22,1,1,1
rc,wiki4d,2005-06-30,1,1,1
rc,wiki4d,2005-07-01,2,1,2
rc,wiki4d,2005-07-02,1,1,1
rc,wiki4d,2005-07-03,5,1,1
rc,wiki4d,2005-07-06,5,2,2
rc,wiki4d,2005-07-11,1,1,1
rc,wiki4d,2005-07-16,13,2,4
rc,wiki4d,2005-07-24,2,1,2
rc,wiki4d,2005-07-25,1,1,1
rc,wiki4d,2005-07-26,7,2,4
rc,wiki4d,2005-07-27,2,2,2
rc,wiki4d,2005-07-28,2,1,1
rc,wiki4d,2005-07-29,3,1,1
rc,wiki4d,2005-07-30,1,1,1
rc,wiki4d,2005-08-03,1,1,1
rc,wiki4d,2005-08-06,10,2,4
rc,wiki4d,2005-08-08,2,1,1
rc,wiki4d,2005-08-09,1,1,1
rc,wiki4d,2005-08-10,4,2,1
rc,wiki4d,2005-08-11,2,2,2
rc,wiki4d,2005-08-14,1,1,1
rc,wiki4d,2005-08-17,3,2,2
rc,wiki4d,2005-08-20,2,1,2
rc,wiki4d,2005-08-21,8,1,2
rc,wiki4d,2005-08-25,2,1,1
rc,wiki4d,2005-09-03,1,1,1
rc,wiki4d,2005-09-08,21,1,5
rc,wiki4d,2005-09-09,8,2,5
rc,wiki4d,2005-09-10,1,1,1
rc,wiki4d,2005-09-12,1,1,1
rc,wiki4d,2005-09-13,1,1,1
rc,wiki4d,2005-09-15,6,2,4
rc,wiki4d,2005-09-16,2,2,2
rc,wiki4d,2005-09-18,2,1,2
rc,wiki4d,2005-09-26,2,2,1
rc,wiki4d,2005-09-28,2,1,1
rc,wiki4d,2005-09-29,1,1,1
rc,wiki4d,2005-10-01,3,2,2
rc,wiki4d,2005-10-02,1,1,1
rc,wiki4d,2005-10-03,2,1,1
rc,wiki4d,2005-10-04,1,1,1
rc,wiki4d,2005-10-05,7,1,2
rc,wiki4d,2005-10-06,5,2,2
rc,wiki4d,2005-10-07,3,2,2
rc,wiki4d,2005-10-09,1,1,1
rc,wiki4d,2005-10-10,4,1,1
rc,wiki4d,2005-10-16,1,1,1
rc,wiki4d,2005-10-18,4,1,2
rc,wiki4d,2005-11-01,1,1,1
rc,wiki4d,2005-11-03,6,1,1
rc,wiki4d,2005-11-06,1,1,1
rc,wiki4d,2005-11-18,1,1,1
rc,wiki4d,2005-11-29,1,1,1
rc,wiki4d,2005-11-30,10,2,5
rc,wiki4d,2005-12-01,1,1,1
rc,wiki4d,2005-12-06,2,1,2
rc,wiki4d,2005-12-11,1,1,1
rc,wiki4d,2005-12-12,1,1,1
rc,wiki4d,2005-12-14,1,1,1
rc,wiki4d,2005-12-15,2,2,2
rc,wiki4d,2005-12-18,1,1,1
rc,wiki4d,2005-12-19,1,1,1
rc,wiki4d,2005-12-29,1,1,1
rc,wiki4d,2006-01-05,1,1,1
rc,wiki4d,2006-01-09,3,1,2
rc,wiki4d,2006-01-12,1,1,1
rc,wiki4d,2006-01-14,2,1,1
rc,wiki4d,2006-01-28,2,1,1
rc,wiki4d,2006-02-05,1,1,1
rc,wiki4d,2006-02-09,4,2,3
rc,wiki4d,2006-02-10,1,1,1
rc,wiki4d,2006-02-11,1,1,1
rc,wiki4d,2006-02-15,2,1,1
rc,wiki4d,2006-02-16,5,1,3
rc,wiki4d,2006-02-21,1,1,1
rc,wiki4d,2006-02-23,1,1,1
rc,wiki4d,2006-02-24,1,1,1
rc,wiki4d,2006-02-26,1,1,1
rc,wiki4d,2006-02-28,9,1,1
rc,wiki4d,2006-03-02,6,1,1
rc,wiki4d,2006-03-03,11,1,1
rc,wiki4d,2006-03-04,6,1,1
rc,wiki4d,2006-03-05,1,1,1
rc,wiki4d,2006-03-08,1,1,1
rc,wiki4d,2006-03-14,2,1,1
rc,wiki4d,2006-03-16,21,2,4
rc,wiki4d,2006-03-17,1,1,1
rc,wiki4d,2006-03-20,1,1,1
rc,wiki4d,2006-03-24,3,1,1
rc,wiki4d,2006-03-26,5,2,2
rc,wiki4d,2006-03-27,4,1,2
rc,wiki4d,2006-03-28,6,1,3
rc,wiki4d,2006-03-29,5,3,2
rc,wiki4d,2006-03-30,2,1,1
rc,wiki4d,2006-03-31,5,1,1
rc,wiki4d,2006-04-03,2,1,1
rc,wiki4d,2006-04-04,1,1,1
rc,wiki4d,2006-04-05,2,1,1
rc,wiki4d,2006-04-06,2,1,1
rc,wiki4d,2006-04-07,5,1,1
rc,wiki4d,2006-04-08,1,1,1
rc,wiki4d,2006-04-09,8,2,2
rc,wiki4d,2006-04-10,2,2,1
rc,wiki4d,2006-04-11,1,1,1
rc,wiki4d,2006-04-12,2,2,2
rc,wiki4d,2006-04-13,5,2,2
rc,wiki4d,2006-04-14,4,3,2
rc,wiki4d,2006-04-15,3,2,1
rc,wiki4d,2006-04-18,3,2,2
rc,wiki4d,2006-04-20,2,1,1
rc,wiki4d,2006-04-24,4,1,1
rc,wiki4d,2006-04-25,2,2,2
rc,wiki4d,2006-04-26,2,1,1
rc,wiki4d,2006-04-27,1,1,1
rc,wiki4d,2006-05-01,1,1,1
rc,wiki4d,2006-05-02,1,1,1
rc,wiki4d,2006-05-03,28,5,8
rc,wiki4d,2006-05-04,9,4,6
rc,wiki4d,2006-05-05,6,2,4
rc,wiki4d,2006-05-07,9,5,4
rc,wiki4d,2006-05-08,2,1,1
rc,wiki4d,2006-05-09,2,2,1
rc,wiki4d,2006-05-10,2,1,1
rc,wiki4d,2006-05-11,1,1,1
rc,wiki4d,2006-05-12,2,1,1
rc,wiki4d,2006-05-13,2,2,2
rc,wiki4d,2006-05-15,3,3,3
rc,wiki4d,2006-05-16,3,1,1
rc,wiki4d,2006-05-17,1,1,1
rc,wiki4d,2006-05-18,2,2,2
rc,wiki4d,2006-05-19,9,2,3
rc,wiki4d,2006-05-22,2,2,2
rc,wiki4d,2006-05-23,2,1,1
rc,wiki4d,2006-05-24,1,1,1
rc,wiki4d,2006-05-25,1,1,1
rc,wiki4d,2006-05-26,1,1,1
rc,wiki4d,2006-05-28,1,1,1
rc,wiki4d,2006-05-29,5,2,3
rc,wiki4d,2006-05-30,2,1,1
rc,wiki4d,2006-05-31,2,1,2
rc,wiki4d,2006-06-01,3,3,2
rc,wiki4d,2006-06-02,3,2,2
rc,wiki4d,2006-06-03,1,1,1
rc,wiki4d,2006-06-05,1,1,1
rc,wiki4d,2006-06-06,4,2,2
rc,wiki4d,2006-06-07,3,2,2
rc,wiki4d,2006-06-08,2,2,2
rc,wiki4d,2006-06-09,1,1,1
rc,wiki4d,2006-06-10,1,1,1
rc,wiki4d,2006-06-11,4,3,4
rc,wiki4d,2006-06-14,2,1,2
rc,wiki4d,2006-06-15,13,4,5
rc,wiki4d,2006-06-16,1,1,1
rc,wiki4d,2006-06-21,3,2,2
rc,wiki4d,2006-06-26,6,2,6
rc,wiki4d,2006-07-01,11,1,2
rc,wiki4d,2006-07-03,5,2,3
rc,wiki4d,2006-07-06,1,1,1
rc,wiki4d,2006-07-12,1,1,1
rc,wiki4d,2006-07-13,45,8,3
rc,wiki4d,2006-07-14,34,7,10
rc,wiki4d,2006-07-15,22,4,5
rc,wiki4d,2006-07-16,2,1,1
rc,wiki4d,2006-07-18,2,1,2
rc,wiki4d,2006-07-19,5,4,3
rc,wiki4d,2006-07-20,2,2,2
rc,wiki4d,2006-07-21,1,1,1
rc,wiki4d,2006-07-25,2,1,1
rc,wiki4d,2006-07-27,1,1,1
rc,wiki4d,2006-07-31,3,1,2
rc,wiki4d,2006-08-01,1,1,1
rc,wiki4d,2006-08-02,1,1,1
rc,wiki4d,2006-08-05,2,1,1
rc,wiki4d,2006-08-06,1,1,1
rc,wiki4d,2006-08-08,1,1,1
rc,wiki4d,2006-08-18,4,2,2
rc,wiki4d,2006-08-26,1,1,1
rc,wiki4d,2006-08-28,5,2,2
rc,wiki4d,2006-08-31,1,1,1
rc,wiki4d,2006-09-01,2,2,2
rc,wiki4d,2006-09-02,1,1,1
rc,wiki4d,2006-09-03,1,1,1
rc,wiki4d,2006-09-04,2,2,2
rc,wiki4d,2006-09-05,5,3,3
rc,wiki4d,2006-09-06,3,1,1
rc,wiki4d,2006-09-08,1,1,1
rc,wiki4d,2006-09-19,10,2,3
rc,wiki4d,2006-09-20,1,1,1
rc,wiki4d,2006-09-21,5,2,2
rc,wiki4d,2006-09-23,1,1,1
rc,wiki4d,2006-09-27,1,1,1
rc,wiki4d,2006-09-29,1,1,1
rc,wiki4d,2006-10-04,2,2,2
rc,wiki4d,2006-10-05,7,2,5
rc,wiki4d,2006-10-13,1,1,1
rc,wiki4d,2006-10-16,3,1,1
rc,wiki4d,2006-10-18,2,1,2
rc,wiki4d,2006-10-19,1,1,1
rc,wiki4d,2006-10-20,3,1,2
rc,wiki4d,2006-10-23,3,3,3
rc,wiki4d,2006-10-24,5,2,3
rc,wiki4d,2006-10-26,1,1,1
rc,wiki4d,2006-10-28,1,1,1
rc,wiki4d,2006-10-30,2,1,1
rc,wiki4d,2006-11-01,4,3,3
rc,wiki4d,2006-11-03,10,2,3
rc,wiki4d,2006-11-06,5,1,3
rc,wiki4d,2006-11-07,3,1,1
rc,wiki4d,2006-11-09,2,2,2
rc,wiki4d,2006-11-11,7,2,4
rc,wiki4d,2006-11-12,1,1,1
rc,wiki4d,2006-11-15,2,1,1
rc,wiki4d,2006-11-16,4,1,3
rc,wiki4d,2006-11-17,1,1,1
rc,wiki4d,2006-11-19,1,1,1
rc,wiki4d,2006-11-26,1,1,1
rc,wiki4d,2006-11-27,2,2,2
rc,wiki4d,2006-11-29,2,1,1
rc,wiki4d,2006-11-30,1,1,1
rc,wiki4d,2006-12-05,1,1,1
rc,wiki4d,2006-12-07,1,1,1
rc,wiki4d,2006-12-10,1,1,1
rc,wiki4d,2006-12-14,1,1,1
rc,wiki4d,2006-12-15,3,2,2
rc,wiki4d,2006-12-17,5,1,3
rc,wiki4d,2006-12-18,1,1,1
rc,wiki4d,2006-12-19,1,1,1
rc,wiki4d,2006-12-25,5,1,2
rc,wiki4d,2006-12-29,5,1,2
rc,wiki4d,2006-12-31,4,1,4
rc,wiki4d,2007-01-02,13,8,5
rc,wiki4d,2007-01-03,3,3,3
rc,wiki4d,2007-01-04,1,1,1
rc,wiki4d,2007-01-05,6,2,4
rc,wiki4d,2007-01-08,2,2,2
rc,wiki4d,2007-01-11,1,1,1
rc,wiki4d,2007-01-12,3,2,2
rc,wiki4d,2007-01-17,3,2,3
rc,wiki4d,2007-01-19,2,2,2
rc,wiki4d,2007-01-20,1,1,1
rc,wiki4d,2007-01-24,1,1,1
rc,wiki4d,2007-02-01,5,3,4
rc,wiki4d,2007-02-03,18,1,1
rc,wiki4d,2007-02-07,2,1,1
rc,wiki4d,2007-02-09,1,1,1
rc,wiki4d,2007-02-11,1,1,1
rc,wiki4d,2007-02-12,9,3,3
rc,wiki4d,2007-02-13,1,1,1
rc,wiki4d,2007-02-14,3,2,2
rc,wiki4d,2007-02-15,1,1,1
rc,wiki4d,2007-02-16,1,1,1
rc,wiki4d,2007-02-19,4,1,2
rc,wiki4d,2007-02-20,8,1,4
rc,wiki4d,2007-02-23,1,1,1
rc,wiki4d,2007-02-24,3,1,1
rc,wiki4d,2007-02-25,1,1,1
rc,wiki4d,2007-02-26,1,1,1
rc,wiki4d,2007-02-27,2,2,2
rc,wiki4d,2007-02-28,29,2,6
rc,wiki4d,2007-03-02,4,1,2
rc,wiki4d,2007-03-03,1,1,1
rc,wiki4d,2007-03-04,9,2,7
rc,wiki4d,2007-03-06,1,1,1
rc,wiki4d,2007-03-10,2,1,1
rc,wiki4d,2007-03-13,1,1,1
rc,wiki4d,2007-03-15,1,1,1
rc,wiki4d,2007-03-17,1,1,1
rc,wiki4d,2007-03-20,1,1,1
rc,wiki4d,2007-03-21,2,2,2
rc,wiki4d,2007-03-22,9,1,1
rc,wiki4d,2007-03-23,1,1,1
rc,wiki4d,2007-03-29,2,2,2
rc,wiki4d,2007-04-04,1,1,1
rc,wiki4d,2007-04-09,2,1,2
rc,wiki4d,2007-04-11,1,1,1
rc,wiki4d,2007-04-14,2,1,1
rc,wiki4d,2007-04-16,3,1,1
rc,wiki4d,2007-04-24,1,1,1
rc,wiki4d,2007-04-26,3,2,2
rc,wiki4d,2007-04-27,2,1,1
rc,wiki4d,2007-05-01,7,3,3
rc,wiki4d,2007-05-02,9,2,2
rc,wiki4d,2007-05-11,2,2,2
rc,wiki4d,2007-05-16,2,1,2
rc,wiki4d,2007-05-17,1,1,1
rc,wiki4d,2007-05-18,1,1,1
rc,wiki4d,2007-05-20,2,1,1
rc,wiki4d,2007-05-21,1,1,1
rc,wiki4d,2007-05-23,3,2,2
rc,wiki4d,2007-05-24,1,1,1
rc,wiki4d,2007-05-26,1,1,1
rc,wiki4d,2007-05-29,2,1,2
rc,wiki4d,2007-05-30,2,1,1
rc,wiki4d,2007-05-31,4,1,1
rc,wiki4d,2007-06-02,1,1,1
rc,wiki4d,2007-06-03,4,2,3
rc,wiki4d,2007-06-04,2,2,2
rc,wiki4d,2007-06-06,1,1,1
rc,wiki4d,2007-06-08,4,2,3
rc,wiki4d,2007-06-09,1,1,1
rc,wiki4d,2007-06-11,1,1,1
rc,wiki4d,2007-06-12,3,1,1
rc,wiki4d,2007-06-17,1,1,1
rc,wiki4d,2007-06-22,3,1,1
rc,wiki4d,2007-06-23,11,1,2
rc,wiki4d,2007-06-24,1,1,1
rc,wiki4d,2007-06-25,4,1,2
rc,wiki4d,2007-06-27,1,1,1
rc,wiki4d,2007-06-29,4,3,3
rc,wiki4d,2007-06-30,2,1,1
rc,wiki4d,2007-07-01,1,1,1
rc,wiki4d,2007-07-02,3,2,2
rc,wiki4d,2007-07-03,3,2,2
rc,wiki4d,2007-07-05,6,4,2
rc,wiki4d,2007-07-06,2,2,1
rc,wiki4d,2007-07-07,2,2,2
rc,wiki4d,2007-07-08,1,1,1
rc,wiki4d,2007-07-09,1,1,1
rc,wiki4d,2007-07-12,1,1,1
rc,wiki4d,2007-07-14,2,1,1
rc,wiki4d,2007-07-17,1,1,1
rc,wiki4d,2007-07-18,2,1,1
rc,wiki4d,2007-07-20,1,1,1
rc,wiki4d,2007-07-21,2,1,2
rc,wiki4d,2007-07-22,6,1,2
rc,wiki4d,2007-07-24,2,1,2
rc,wiki4d,2007-07-25,8,2,3
rc,wiki4d,2007-07-26,2,1,2
rc,wiki4d,2007-07-27,3,2,2
rc,wiki4d,2007-08-07,3,2,2
rc,wiki4d,2007-08-14,6,1,3
rc,wiki4d,2007-08-16,2,1,1
rc,wiki4d,2007-08-18,11,1,3
rc,wiki4d,2007-08-20,1,1,1
rc,wiki4d,2007-08-25,12,2,5
rc,wiki4d,2007-08-26,2,2,2
rc,wiki4d,2007-08-27,2,1,2
rc,wiki4d,2007-09-12,1,1,1
rc,wiki4d,2007-09-14,1,1,1
rc,wiki4d,2007-09-16,2,1,1
rc,wiki4d,2007-09-18,1,1,1
rc,wiki4d,2007-09-19,3,1,2
rc,wiki4d,2007-09-21,3,1,1
rc,wiki4d,2007-09-22,8,1,1
rc,wiki4d,2007-09-23,24,3,8
rc,wiki4d,2007-09-24,22,5,3
rc,wiki4d,2007-09-29,26,1,9
rc,wiki4d,2007-10-01,20,2,5
rc,wiki4d,2007-10-02,5,2,3
rc,wiki4d,2007-10-07,2,1,1
rc,wiki4d,2007-10-08,4,2,4
rc,wiki4d,2007-10-14,1,1,1
rc,wiki4d,2007-10-15,2,1,1
rc,wiki4d,2007-10-16,39,3,4
rc,wiki4d,2007-10-17,6,3,3
rc,wiki4d,2007-10-18,1,1,1
rc,wiki4d,2007-10-19,1,1,1
rc,wiki4d,2007-10-24,4,1,1
rc,wiki4d,2007-10-25,1,1,1
rc,wiki4d,2007-10-28,1,1,1
rc,wiki4d,2007-11-03,3,1,2
rc,wiki4d,2007-11-04,7,1,2
rc,wiki4d,2007-11-05,9,1,2
rc,wiki4d,2007-11-07,1,1,1
rc,wiki4d,2007-11-09,2,1,1
rc,wiki4d,2007-11-12,3,2,2
rc,wiki4d,2007-11-16,1,1,1
rc,wiki4d,2007-11-20,2,1,2
rc,wiki4d,2007-11-27,2,1,1
rc,wiki4d,2007-11-28,8,2,4
rc,wiki4d,2007-11-29,2,1,2
rc,wiki4d,2007-12-01,2,1,2
rc,wiki4d,2007-12-03,1,1,1
rc,wiki4d,2007-12-06,2,1,1
rc,wiki4d,2007-12-08,1,1,1
rc,wiki4d,2007-12-09,21,3,1
rc,wiki4d,2008-01-06,1,1,1
rc,wiki4d,2008-01-09,4,1,2
rc,wiki4d,2008-01-10,1,1,1
rc,wiki4d,2008-01-15,1,1,1
rc,wiki4d,2008-01-17,1,1,1
rc,wiki4d,2008-01-19,1,1,1
rc,wiki4d,2008-01-22,2,1,1
rc,wiki4d,2008-01-24,1,1,1
rc,wiki4d,2008-01-30,1,1,1
rc,wiki4d,2008-01-31,4,2,4
rc,wiki4d,2008-02-03,1,1,1
rc,wiki4d,2008-02-04,3,2,3
rc,wiki4d,2008-02-06,3,2,2
rc,wiki4d,2008-02-13,2,1,1
rc,wiki4d,2008-02-19,4,3,3
rc,wiki4d,2008-02-20,1,1,1
rc,wiki4d,2008-02-29,1,1,1
rc,wiki4d,2008-03-03,16,2,2
rc,wiki4d,2008-03-07,1,1,1
rc,wiki4d,2008-03-10,5,1,1
rc,wiki4d,2008-03-12,1,1,1
rc,wiki4d,2008-03-16,1,1,1
rc,wiki4d,2008-03-18,1,1,1
rc,wiki4d,2008-03-22,3,3,3
rc,wiki4d,2008-03-28,4,2,3
rc,wiki4d,2008-04-01,1,1,1
rc,wiki4d,2008-04-04,1,1,1
rc,wiki4d,2008-04-05,4,1,2
rc,wiki4d,2008-04-06,13,1,1
rc,wiki4d,2008-04-07,2,1,1
rc,wiki4d,2008-04-10,2,1,1
rc,wiki4d,2008-04-11,1,1,1
rc,wiki4d,2008-04-12,1,1,1
rc,wiki4d,2008-04-25,1,1,1
rc,wiki4d,2008-05-07,2,1,1
rc,wiki4d,2008-05-08,1,1,1
rc,wiki4d,2008-05-12,1,1,1
rc,wiki4d,2008-05-17,1,1,1
rc,wiki4d,2008-05-28,3,1,2
rc,wiki4d,2008-06-01,7,1,1
rc,wiki4d,2008-06-06,1,1,1
rc,wiki4d,2008-06-10,1,1,1
rc,wiki4d,2008-06-14,6,2,2
rc,wiki4d,2008-06-19,2,1,1
rc,wiki4d,2008-06-23,1,1,1
rc,wiki4d,2008-06-29,1,1,1
rc,wiki4d,2008-07-12,2,1,1
rc,wiki4d,2008-07-24,1,1,1
rc,wiki4d,2008-07-25,1,1,1
rc,wiki4d,2008-07-30,1,1,1
rc,wiki4d,2008-08-04,1,1,1
rc,wiki4d,2008-08-12,1,1,1
rc,wiki4d,2008-08-17,5,2,2
rc,wiki4d,2008-08-20,1,1,1
rc,wiki4d,2008-08-23,1,1,1
rc,wiki4d,2008-08-25,6,1,1
rc,wiki4d,2008-08-26,11,2,1
rc,wiki4d,2008-08-27,1,1,1
rc,wiki4d,2008-09-01,1,1,1
rc,wiki4d,2008-09-04,2,1,1
rc,wiki4d,2008-09-10,2,1,1
rc,wiki4d,2008-09-16,1,1,1
rc,wiki4d,2008-09-19,1,1,1
rc,wiki4d,2008-09-26,1,1,1
rc,wiki4d,2008-09-29,1,1,1
rc,wiki4d,2008-10-01,5,2,3
rc,wiki4d,2008-10-02,1,1,1
rc,wiki4d,2008-10-10,2,2,2
rc,wiki4d,2008-10-11,12,1,3
rc,wiki4d,2008-10-13,1,1,1
rc,wiki4d,2008-10-18,1,1,1
rc,wiki4d,2008-11-26,3,1,1
rc,wiki4d,2008-12-02,3,1,1
rc,wiki4d,2008-12-04,2,1,1
rc,wiki4d,2008-12-05,2,1,1
rc,wiki4d,2008-12-16,1,1,1
rc,wiki4d,2008-12-26,3,1,1
rc,wiki4d,2008-12-29,2,1,1
rc,wiki4d,2009-01-09,2,1,1
rc,wiki4d,2009-01-22,1,1,1
rc,wiki4d,2009-02-04,2,2,2
rc,wiki4d,2009-02-06,1,1,1
rc,wiki4d,2009-02-12,1,1,1
rc,wiki4d,2009-02-22,1,1,1
rc,wiki4d,2009-02-23,2,1,1
rc,wiki4d,2009-03-06,2,1,1
rc,wiki4d,2009-03-07,2,1,1
rc,wiki4d,2009-03-12,1,1,1
rc,wiki4d,2009-03-13,1,1,1
rc,wiki4d,2009-03-15,8,1,2
rc,wiki4d,2009-03-18,1,1,1
rc,wiki4d,2009-04-27,5,1,1
rc,wiki4d,2009-04-28,15,1,3
rc,wiki4d,2009-04-29,27,2,12
rc,wiki4d,2009-04-30,3,1,1
rc,wiki4d,2009-05-10,1,1,1
rc,wiki4d,2009-05-12,2,1,2
rc,wiki4d,2009-05-16,3,1,1
rc,wiki4d,2009-05-21,1,1,1
rc,wiki4d,2009-05-28,1,1,1
rc,wiki4d,2009-06-04,17,1,1
rc,wiki4d,2009-06-16,1,1,1
rc,wiki4d,2009-06-20,2,1,1
rc,wiki4d,2009-07-01,1,1,1
rc,wiki4d,2009-07-02,2,1,1
rc,wiki4d,2009-07-09,2,2,1
rc,wiki4d,2009-07-10,4,1,1
rc,wiki4d,2009-07-12,3,1,2
rc,wiki4d,2009-07-14,1,1,1
rc,wiki4d,2009-07-16,2,1,2
rc,wiki4d,2009-07-18,2,1,2
rc,wiki4d,2009-07-19,1,1,1
rc,wiki4d,2009-07-22,1,1,1
rc,wiki4d,2009-07-24,7,3,4
rc,wiki4d,2009-07-27,4,1,3
rc,wiki4d,2009-07-28,4,1,2
rc,wiki4d,2009-07-29,13,2,4
rc,wiki4d,2009-07-30,1,1,1
rc,wiki4d,2009-08-01,2,1,1
rc,wiki4d,2009-08-02,3,1,1
rc,wiki4d,2009-08-03,1,1,1
rc,wiki4d,2009-08-05,18,1,5
rc,wiki4d,2009-08-07,2,1,1
rc,wiki4d,2009-08-08,2,1,1
rc,wiki4d,2009-08-12,3,1,1
rc,wiki4d,2009-08-13,1,1,1
rc,wiki4d,2009-08-15,1,1,1
rc,wiki4d,2009-08-16,1,1,1
rc,wiki4d,2009-08-17,1,1,1
rc,wiki4d,2009-08-25,4,2,2
rc,wiki4d,2009-08-26,2,1,1
rc,wiki4d,2009-09-01,1,1,1
rc,wiki4d,2009-09-17,1,1,1
rc,wiki4d,2009-09-25,1,1,1
rc,wiki4d,2009-09-28,1,1,1
rc,wiki4d,2009-09-30,1,1,1
rc,wiki4d,2009-10-05,1,1,1
rc,wiki4d,2009-10-07,1,1,1
rc,wiki4d,2009-10-08,1,1,1
rc,wiki4d,2009-10-13,10,3,5
rc,wiki4d,2009-10-14,1,1,1
rc,wiki4d,2009-10-16,1,1,1
rc,wiki4d,2009-10-23,3,2,2
rc,wiki4d,2009-10-25,1,1,1
rc,wiki4d,2009-10-26,1,1,1
rc,wiki4d,2009-10-27,1,1,1
rc,wiki4d,2009-11-01,1,1,1
rc,wiki4d,2009-11-02,2,2,2
rc,wiki4d,2009-11-03,4,1,2
rc,wiki4d,2009-11-06,7,1,4
rc,wiki4d,2009-11-11,2,1,1
rc,wiki4d,2009-11-15,4,3,2
rc,wiki4d,2009-11-16,5,2,2
rc,wiki4d,2009-11-18,1,1,1
rc,wiki4d,2009-11-20,2,1,1
rc,wiki4d,2009-11-23,9,2,4
rc,wiki4d,2009-11-25,6,1,2
rc,wiki4d,2009-11-27,3,2,2
rc,wiki4d,2009-12-15,1,1,1
rc,wiki4d,2009-12-17,3,1,1
rc,wiki4d,2009-12-20,1,1,1
rc,wiki4d,2010-01-01,1,1,1
rc,wiki4d,2010-01-07,1,1,1
rc,wiki4d,2010-01-10,3,1,3
rc,wiki4d,2010-01-11,3,1,3
rc,wiki4d,2010-01-12,1,1,1
rc,wiki4d,2010-01-13,1,1,1
rc,wiki4d,2010-01-14,1,1,1
rc,wiki4d,2010-01-21,1,1,1
rc,wiki4d,2010-01-28,4,1,1
rc,wiki4d,2010-01-29,2,2,1
rc,wiki4d,2010-02-01,1,1,1
rc,wiki4d,2010-02-08,1,1,1
rc,wiki4d,2010-02-10,1,1,1
rc,wiki4d,2010-02-11,1,1,1
rc,wiki4d,2010-02-12,1,1,1
rc,wiki4d,2010-02-19,1,1,1
rc,wiki4d,2010-02-26,1,1,1
rc,wiki4d,2010-03-01,1,1,1
rc,wiki4d,2010-03-07,1,1,1
rc,wiki4d,2010-03-08,2,2,1
rc,wiki4d,2010-03-14,1,1,1
rc,wiki4d,2010-03-17,2,2,2
rc,wiki4d,2010-03-25,1,1,1
rc,wiki4d,2010-03-29,2,1,1
rc,wiki4d,2010-04-01,1,1,1
rc,wiki4d,2010-04-04,2,1,1
rc,wiki4d,2010-04-05,2,2,2
rc,wiki4d,2010-04-07,19,1,4
rc,wiki4d,2010-04-12,1,1,1
rc,wiki4d,2010-04-13,1,1,1
rc,wiki4d,2010-04-14,3,1,3
rc,wiki4d,2010-04-16,1,1,1
rc,wiki4d,2010-04-19,1,1,1
rc,wiki4d,2010-04-26,1,1,1
rc,wiki4d,2010-04-29,5,1,3
rc,wiki4d,2010-04-30,3,2,2
rc,wiki4d,2010-05-04,1,1,1
rc,wiki4d,2010-05-05,1,1,1
rc,wiki4d,2010-05-07,1,1,1
rc,wiki4d,2010-05-11,4,1,2
rc,wiki4d,2010-05-16,2,1,1
rc,wiki4d,2010-05-18,29,1,2
rc,wiki4d,2010-05-19,10,2,3
rc,wiki4d,2010-05-20,1,1,1
rc,wiki4d,2010-05-22,1,1,1
rc,wiki4d,2010-05-23,1,1,1
rc,wiki4d,2010-05-25,1,1,1
rc,wiki4d,2010-05-27,2,1,2
rc,wiki4d,2010-05-28,2,1,1
rc,wiki4d,2010-05-29,7,2,4
rc,wiki4d,2010-06-01,3,1,2
rc,wiki4d,2010-06-02,4,2,1
rc,wiki4d,2010-06-03,25,2,6
rc,wiki4d,2010-06-04,1,1,1
rc,wiki4d,2010-06-06,3,1,1
rc,wiki4d,2010-06-08,19,1,6
rc,wiki4d,2010-06-09,2,1,1
rc,wiki4d,2010-06-16,1,1,1
rc,wiki4d,2010-06-21,1,1,1
rc,wiki4d,2010-06-23,1,1,1
rc,wiki4d,2010-06-27,1,1,1
rc,wiki4d,2010-06-30,1,1,1
rc,wiki4d,2010-07-02,5,1,1
rc,wiki4d,2010-07-04,1,1,1
rc,wiki4d,2010-07-08,2,2,1
rc,wiki4d,2010-07-09,1,1,1
rc,wiki4d,2010-07-24,1,1,1
rc,wiki4d,2010-07-25,1,1,1
rc,wiki4d,2010-08-05,1,1,1
rc,wiki4d,2010-08-10,1,1,1
rc,wiki4d,2010-08-16,1,1,1
rc,wiki4d,2010-08-19,1,1,1
rc,wiki4d,2010-08-24,3,1,1
rc,wiki4d,2010-09-01,1,1,1
rc,wiki4d,2010-09-07,4,2,3
rc,wiki4d,2010-09-12,1,1,1
rc,wiki4d,2010-09-15,1,1,1
rc,wiki4d,2010-09-17,3,1,1
rc,wiki4d,2010-09-23,1,1,1
rc,wiki4d,2010-09-28,1,1,1
rc,wiki4d,2010-09-29,1,1,1
rc,wiki4d,2010-10-06,2,1,1
rc,wiki4d,2010-10-08,4,1,1
rc,wiki4d,2010-10-09,1,1,1
rc,wiki4d,2010-10-19,1,1,1
rc,wiki4d,2010-10-29,1,1,1
rc,wiki4d,2010-11-03,1,1,1
rc,wiki4d,2010-11-13,2,1,1
rc,wiki4d,2010-11-17,1,1,1
rc,wiki4d,2010-11-18,16,2,5
rc,wiki4d,2010-11-19,8,1,1
rc,wiki4d,2010-11-21,3,1,2
rc,wiki4d,2010-11-22,2,2,2
rc,wiki4d,2010-11-25,2,1,1
rc,wiki4d,2010-11-26,12,1,1
rc,wiki4d,2010-11-29,2,1,1
rc,wiki4d,2010-12-12,4,1,1
rc,wiki4d,2010-12-14,1,1,1
rc,wiki4d,2010-12-23,5,1,2
rc,wiki4d,2010-12-24,1,1,1
rc,wiki4d,2010-12-31,1,1,1
rc,wiki4d,2011-01-02,2,1,1
rc,wiki4d,2011-01-03,1,1,1
rc,wiki4d,2011-01-10,7,1,2
rc,wiki4d,2011-01-11,2,1,2
rc,wiki4d,2011-01-13,1,1,1
rc,wiki4d,2011-01-18,1,1,1
rc,wiki4d,2011-01-30,5,1,2
rc,wiki4d,2011-01-31,10,1,1
rc,wiki4d,2011-02-01,2,1,2
rc,wiki4d,2011-02-02,1,1,1
rc,wiki4d,2011-02-05,2,1,1
rc,wiki4d,2011-02-09,1,1,1
rc,wiki4d,2011-03-04,1,1,1
rc,wiki4d,2011-03-08,13,1,1
rc,wiki4d,2011-03-09,8,3,1
rc,wiki4d,2011-03-12,1,1,1
rc,wiki4d,2011-03-16,3,2,2
rc,wiki4d,2011-03-19,1,1,1
rc,wiki4d,2011-03-24,1,1,1
rc,wiki4d,2011-03-27,2,2,2
rc,wiki4d,2011-04-02,1,1,1
rc,wiki4d,2011-04-03,1,1,1
rc,wiki4d,2011-04-04,2,2,1
rc,wiki4d,2011-04-05,3,2,2
rc,wiki4d,2011-04-06,10,2,4
rc,wiki4d,2011-04-07,1,1,1
rc,wiki4d,2011-04-09,1,1,1
rc,wiki4d,2011-04-13,1,1,1
rc,wiki4d,2011-04-18,7,1,3
rc,wiki4d,2011-04-19,1,1,1
rc,wiki4d,2011-04-21,4,1,1
rc,wiki4d,2011-04-23,1,1,1
rc,wiki4d,2011-05-02,1,1,1
rc,wiki4d,2011-05-05,2,1,1
rc,wiki4d,2011-05-06,4,2,3
rc,wiki4d,2011-05-09,2,1,1
rc,wiki4d,2011-05-12,1,1,1
rc,wiki4d,2011-05-19,1,1,1
rc,wiki4d,2011-05-20,1,1,1
rc,wiki4d,2011-05-22,2,2,2
rc,wiki4d,2011-05-31,1,1,1
rc,wiki4d,2011-06-01,2,2,1
rc,wiki4d,2011-06-02,1,1,1
rc,wiki4d,2011-06-07,1,1,1
rc,wiki4d,2011-06-14,8,3,3
rc,wiki4d,2011-06-15,5,2,2
rc,wiki4d,2011-06-21,2,1,2
rc,wiki4d,2011-06-25,1,1,1
rc,wiki4d,2011-06-26,1,1,1
rc,wiki4d,2011-07-05,2,1,1
rc,wiki4d,2011-07-10,1,1,1
rc,wiki4d,2011-07-27,1,1,1
rc,wiki4d,2011-07-31,2,1,1
rc,wiki4d,2011-08-04,1,1,1
rc,wiki4d,2011-08-06,1,1,1
rc,wiki4d,2011-08-07,1,1,1
rc,wiki4d,2011-08-09,2,1,1
rc,wiki4d,2011-08-16,3,2,3
rc,wiki4d,2011-08-17,9,1,9
rc,wiki4d,2011-08-18,3,1,1
rc,wiki4d,2011-08-19,1,1,1
rc,wiki4d,2011-08-20,1,1,1
rc,wiki4d,2011-08-21,5,2,3
rc,wiki4d,2011-08-23,2,2,2
rc,wiki4d,2011-08-31,3,2,2
rc,wiki4d,2011-09-01,1,1,1
rc,wiki4d,2011-09-05,1,1,1
rc,wiki4d,2011-09-08,1,1,1
rc,wiki4d,2011-09-09,5,3,5
rc,wiki4d,2011-09-18,1,1,1
rc,wiki4d,2011-09-20,1,1,1
rc,wiki4d,2011-09-26,7,1,2
rc,wiki4d,2011-09-28,2,1,1
rc,wiki4d,2011-10-01,1,1,1
rc,wiki4d,2011-10-02,2,2,2
rc,wiki4d,2011-10-07,2,1,2
rc,wiki4d,2011-10-13,1,1,1
rc,wiki4d,2011-10-18,28,1,7
rc,wiki4d,2011-10-21,1,1,1
rc,wiki4d,2011-10-26,2,1,1
rc,wiki4d,2011-10-28,1,1,1
rc,wiki4d,2011-10-31,1,1,1
rc,wiki4d,2011-11-01,1,1,1
rc,wiki4d,2011-11-04,1,1,1
rc,wiki4d,2011-11-13,3,2,3
rc,wiki4d,2011-11-19,1,1,1
rc,wiki4d,2011-11-20,1,1,1
rc,wiki4d,2011-11-23,11,5,3
rc,wiki4d,2011-11-24,5,3,3
rc,wiki4d,2011-11-27,1,1,1
rc,wiki4d,2011-11-28,1,1,1
rc,wiki4d,2011-12-01,2,1,2
rc,wiki4d,2011-12-02,1,1,1
rc,wiki4d,2011-12-03,1,1,1
rc,wiki4d,2011-12-05,4,2,3
rc,wiki4d,2011-12-07,2,1,1
rc,wiki4d,2011-12-08,3,1,3
rc,wiki4d,2011-12-10,7,2,3
rc,wiki4d,2011-12-13,1,1,1
rc,wiki4d,2011-12-14,4,2,3
rc,wiki4d,2011-12-16,1,1,1
rc,wiki4d,2011-12-18,8,4,7
rc,wiki4d,2011-12-19,1,1,1
rc,wiki4d,2011-12-22,2,2,2
rc,wiki4d,2011-12-23,2,1,1
rc,wiki4d,2011-12-27,1,1,1
rc,wiki4d,2011-12-29,8,3,7
rc,wiki4d,2012-01-05,1,1,1
rc,wiki4d,2012-01-07,1,1,1
rc,wiki4d,2012-01-12,1,1,1
rc,wiki4d,2012-01-15,3,2,3
rc,wiki4d,2012-01-16,6,1,6
rc,wiki4d,2012-01-18,5,2,4
rc,wiki4d,2012-01-19,1,1,1
rc,wiki4d,2012-01-20,4,1,1
rc,wiki4d,2012-01-27,1,1,1
rc,wiki4d,2012-01-31,1,1,1
rc,wiki4d,2012-02-01,10,3,3
rc,wiki4d,2012-02-02,5,2,4
rc,wiki4d,2012-02-08,2,2,2
rc,wiki4d,2012-02-09,1,1,1
rc,wiki4d,2012-02-12,2,1,1
rc,wiki4d,2012-02-14,4,2,2
rc,wiki4d,2012-02-15,3,3,3
rc,wiki4d,2012-02-16,4,1,1
rc,wiki4d,2012-02-18,2,1,1
rc,wiki4d,2012-02-20,2,2,1
rc,wiki4d,2012-02-23,2,2,2
rc,wiki4d,2012-02-25,3,1,1
rc,wiki4d,2012-02-27,4,1,1
rc,wiki4d,2012-02-29,1,1,1
rc,wiki4d,2012-03-01,1,1,1
rc,wiki4d,2012-03-02,5,3,1
rc,wiki4d,2012-03-04,6,3,3
rc,wiki4d,2012-03-05,6,2,2
rc,wiki4d,2012-03-06,1,1,1
rc,wiki4d,2012-03-07,1,1,1
rc,wiki4d,2012-03-12,4,1,1
rc,wiki4d,2012-03-14,2,1,2
rc,wiki4d,2012-03-16,1,1,1
rc,wiki4d,2012-03-24,1,1,1
rc,wiki4d,2012-03-26,1,1,1
rc,wiki4d,2012-03-28,4,2,2
rc,wiki4d,2012-03-30,2,1,1
rc,wiki4d,2012-04-01,1,1,1
rc,wiki4d,2012-04-05,5,2,2
rc,wiki4d,2012-04-08,3,1,1
rc,wiki4d,2012-04-09,4,2,3
rc,wiki4d,2012-04-11,2,2,2
rc,wiki4d,2012-04-12,11,2,2
rc,wiki4d,2012-04-16,18,3,4
rc,wiki4d,2012-04-17,81,2,15
rc,wiki4d,2012-04-18,26,1,5
rc,wiki4d,2012-04-19,11,1,6
rc,wiki4d,2012-04-20,5,1,1
rc,wiki4d,2012-04-25,1,1,1
rc,wiki4d,2012-04-26,1,1,1
rc,wiki4d,2012-04-27,1,1,1
rc,wiki4d,2012-05-01,1,1,1
rc,wiki4d,2012-05-02,1,1,1
rc,wiki4d,2012-05-03,1,1,1
rc,wiki4d,2012-05-15,2,1,1
rc,wiki4d,2012-05-16,2,1,1
rc,wiki4d,2012-05-18,1,1,1
rc,wiki4d,2012-05-19,7,3,5
rc,wiki4d,2012-05-23,2,1,1
rc,wiki4d,2012-05-25,6,1,1
rc,wiki4d,2012-05-28,4,1,1
rc,wiki4d,2012-05-29,1,1,1
rc,wiki4d,2012-05-30,3,1,1
rc,wiki4d,2012-06-07,7,2,2
rc,wiki4d,2012-06-08,3,2,3
rc,wiki4d,2012-06-13,1,1,1
rc,wiki4d,2012-06-17,3,1,1
rc,wiki4d,2012-06-18,4,2,1
rc,wiki4d,2012-06-19,1,1,1
rc,wiki4d,2012-06-23,3,1,1
rc,wiki4d,2012-06-25,4,2,4
rc,wiki4d,2012-06-27,2,1,2
rc,wiki4d,2012-06-28,1,1,1
rc,wiki4d,2012-07-01,2,1,1
rc,wiki4d,2012-07-02,1,1,1
rc,wiki4d,2012-07-05,1,1,1
rc,wiki4d,2012-07-06,1,1,1
rc,wiki4d,2012-07-07,2,2,2
rc,wiki4d,2012-07-10,1,1,1
rc,wiki4d,2012-07-16,1,1,1
rc,wiki4d,2012-07-25,2,2,1
rc,wiki4d,2012-07-30,2,1,1
rc,wiki4d,2012-07-31,9,3,4
rc,wiki4d,2012-08-02,2,2,1
rc,wiki4d,2012-08-06,2,2,1
rc,wiki4d,2012-08-08,4,2,4
rc,wiki4d,2012-08-09,2,2,1
rc,wiki4d,2012-08-10,1,1,1
rc,wiki4d,2012-08-18,4,1,3
rc,wiki4d,2012-08-20,1,1,1
rc,wiki4d,2012-08-24,2,1,1
rc,wiki4d,2012-08-27,3,3,2
rc,wiki4d,2012-09-01,7,2,7
rc,wiki4d,2012-09-05,1,1,1
rc,wiki4d,2012-09-07,1,1,1
rc,wiki4d,2012-09-11,1,1,1
rc,wiki4d,2012-09-12,3,1,1
rc,wiki4d,2012-09-13,1,1,1
rc,wiki4d,2012-09-14,1,1,1
rc,wiki4d,2012-09-19,7,2,2
rc,wiki4d,2012-09-23,20,2,3
rc,wiki4d,2012-09-25,2,2,2
rc,wiki4d,2012-09-26,8,4,3
rc,wiki4d,2012-10-01,4,2,1
rc,wiki4d,2012-10-09,1,1,1
rc,wiki4d,2012-10-10,5,1,2
rc,wiki4d,2012-10-11,2,1,1
rc,wiki4d,2012-10-12,1,1,1
rc,wiki4d,2012-10-14,2,2,2
rc,wiki4d,2012-10-15,1,1,1
rc,wiki4d,2012-10-16,1,1,1
rc,wiki4d,2012-10-19,1,1,1
rc,wiki4d,2012-10-21,1,1,1
rc,wiki4d,2012-10-22,3,1,2
rc,wiki4d,2012-10-30,1,1,1
rc,wiki4d,2012-11-11,2,1,2
rc,wiki4d,2012-11-14,1,1,1
rc,wiki4d,2012-11-16,1,1,1
rc,wiki4d,2012-11-19,6,1,2
rc,wiki4d,2012-11-20,3,1,1
rc,wiki4d,2012-11-27,2,1,2
rc,wiki4d,2012-12-02,3,1,1
rc,wiki4d,2012-12-08,1,1,1
rc,wiki4d,2012-12-11,1,1,1
rc,wiki4d,2012-12-15,10,1,6
rc,wiki4d,2012-12-16,2,2,2
rc,wiki4d,2012-12-23,4,1,2
rc,wiki4d,2013-01-09,2,2,2
rc,wiki4d,2013-01-17,4,2,1
rc,wiki4d,2013-01-18,1,1,1
rc,wiki4d,2013-01-20,1,1,1
rc,wiki4d,2013-01-28,8,3,1
rc,wiki4d,2013-01-29,2,2,1
rc,wiki4d,2013-02-02,2,1,1
rc,wiki4d,2013-02-10,1,1,1
rc,wiki4d,2013-04-04,5,1,1
rc,wiki4d,2013-04-12,2,1,1
rc,wiki4d,2013-05-02,1,1,1
rc,wiki4d,2013-05-04,2,1,2
rc,wiki4d,2013-06-13,3,1,3
rc,wiki4d,2013-07-23,1,1,1
rc,wiki4d,2013-07-26,1,1,1
rc,wiki4d,2013-08-26,1,1,1
rc,wiki4d,2013-09-09,1,1,1
rc,wiki4d,2013-10-16,1,1,1
rc,wiki4d,2013-10-25,1,1,1
rc,wiki4d,2013-11-16,1,1,1
rc,wiki4d,2013-12-02,2,1,1
rc,wiki4d,2014-01-25,2,1,1
rc,wiki4d,2014-01-27,1,1,1
rc,wiki4d,2014-02-13,1,1,1
rc,wiki4d,2014-02-25,2,1,2
rc,wiki4d,2014-04-06,1,1,1
rc,wiki4d,2014-04-19,1,1,1
rc,wiki4d,2014-04-24,1,1,1
rc,wiki4d,2014-05-30,1,1,1
rc,wiki4d,2014-09-16,2,1,1
rc,wiki4d,2014-10-21,4,1,4
rc,wiki4d,2014-12-13,1,1,1
rc,wiki4d,2015-01-15,1,1,1
rc,wiki4d,2015-02-14,1,1,1
rc,wiki4d,2015-05-05,1,1,1
rc,wiki4d,2015-05-10,1,1,1
rc,wiki4d,2015-05-27,1,1,1
rc,wiki4d,2015-08-05,1,1,1
rc,wiki4d,2015-09-02,1,1,1
rc,wiki4d,2015-09-07,1,1,1
rc,wiki4d,2015-09-27,1,1,1
rc,wiki4d,2015-11-05,1,1,1
rc,wiki4d,2015-11-08,3,2,2
rc,wiki4d,2015-11-18,1,1,1
rc,wiki4d,2016-01-28,1,1,1
rc,wiki4d,2016-02-03,2,1,2
rc,wiki4d,2016-04-22,1,1,1
rc,wiki4d,2016-07-02,1,1,1
rc,wiki4d,2017-07-12,1,1,1
rc,wiki4d,2019-01-06,1,1,1
rc,wiki4d,2023-06-10,2,1,1
rc,wiki4d,2026-03-09,2,1,1
rc,wiki4d,2026-05-26,7,6,6
rc,wiki4d,2026-06-18,3,3,3
rc,wiki4d,2026-06-22,2,1,1
rc,wiki4d,2026-09-07,1,1,1
rc,wiki4d,2026-09-08,1,1,1
rc,wiki4d,2026-09-10,9,1,5
